Workbook

Sheet 18
A1: DANH SÁCH THI VÀ KẾT QUẢ THI IELTS ĐẦU RA
A2: Mã lớp: 18
A3: Đơn vị đào tạo: CÔNG TY CỔ PHẦN TRUNG TÂM ANH NGỮ AMA VINH
A5: TT | B5: Mã HV | C5: HỌ VÀ TÊN | D5: Ho va ten | E5: NĂM SINH | F5: BẬC DẠY | G5: ĐƠN VỊ CÔNG TÁC | H5: PHƯỜNG/XÃ | I5: Số CCCD/ Hộ chiếu | J5: Mã ngạch viên chức | K5: Điểm IELTS đầu vào | L5: Điểm IELTS đầu ra cần đạt | M5: Kết quả thi IELTS đầu ra | N5: Column1 | O5: Column2 | P5: Column3 | Q5: Column4 | R5: KẾT QUẢ (Đạt/Không đạt)
A6: 1 | B6: 341 | C6: Trần Thị Thu Hiền | D6: TRAN THI THU HIEN | E6: 1977 | F6: THPT | G6: Tam Đồng | H6: Phúc Thịnh | I6: 1177043501 | J6: Giáo viên trung học cơ sở hạng II - V.07.04.31 | K6: 4.5
A7: 2 | B7: 342 | C7: Nguyễn Thị Thảo | D7: NGUYEN THI THAO | E7: 1976 | F7: THCS | G7: THCS Tam Đồng | H7: Tiến Thắng | I7: =Merge18!I3 -> 001176040670 | J7: =Merge18!J3 -> Giáo viên trung học cơ sở hạng II - V.07.04.31 | K7: 4.5
A8: 3 | B8: 343 | C8: Bui Mai Lan | D8: BUI MAI LAN | E8: 1977 | F8: THCS | G8: THCS Tiến Thắng | H8: Tiến Thắng | I8: =Merge18!I4 -> 025177005125 | J8: =Merge18!J4 -> V07.04.11 | K8: 4.5
A9: 4 | B9: 344 | C9: Vũ Hùng Quang | D9: VU HUNG QUANG | E9: 1975 | F9: THCS | G9: THCS Tráng Việt | H9: Mê Linh | I9: =Merge18!I5 -> 001075011375 | J9: =Merge18!J5 -> Giáo viên trung học cơ sở hạng II - V.07.04.31 | K9: 4.5
A10: 5 | B10: 345 | C10: Phùng Thị Kim Thao | D10: PHUNG THI KIM THAO | E10: 1977 | F10: THCS | G10: THCS Phạm Hồng Thái | H10: Mê Linh | I10: =Merge18!I6 -> 001177009537 | J10: =Merge18!J6 -> Giáo viên trung học cơ sở hạng III - V.07.04.32 | K10: 4
A11: 6 | B11: 4 | C11: Trần Thị Thanh Tâm | D11: TRAN THI THANH TAM | E11: 1983 | F11: TH | G11: TH Xuân Canh | H11: Đông Anh | I11: =Merge18!I7 -> 026183003026-E032337481 | J11: =Merge18!J7 -> Giáo viên tiểu học hạng II – V.07.03.28 | K11: 4.5
A12: 7 | B12: 347 | C12: Ngô Thị Hồng Dương | D12: NGO THI HONG DUONG | E12: 1975 | F12: THCS | G12: THCS Kim Hoa | H12: Quang Minh | I12: =Merge18!I8 -> 001175030348 | J12: =Merge18!J8 -> Giáo viên trung học cơ sở hạng II - V.07.04.31 | K12: 4.5
A13: 8 | B13: 348 | C13: Ngô Thị Thanh Thuỷ | D13: NGO THI THANH THUY | E13: 1977 | F13: TH | G13: TH Kim Hoa A | H13: Quang Minh | I13: =Merge18!I9 -> 001177032960 | J13: =Merge18!J9 -> Giáo viên tiểu học hạng II – V.07.03.28 | K13: 4.5
A14: 9 | B14: 349 | C14: Nguyễn Thị Yến | D14: NGUYEN THI YEN | E14: 1975 | F14: THCS | G14: THCS Hồng Kỳ | H14: Trung Giã | I14: =Merge18!I10 -> 001175014156 | J14: =Merge18!J10 -> Giáo viên trung học cơ sở hạng II - V.07.04.31 | K14: 4.5
A15: 10 | B15: 350 | C15: Nguyễn Thị Hồng Vân | D15: NGUYEN THI HONG VAN | E15: 1976 | F15: THCS | G15: THCS Trung Giã | H15: Trung Giã | I15: =Merge18!I11 -> 001176048717 | J15: =Merge18!J11 -> Giáo viên trung học cơ sở hạng III - V.07.04.32 | K15: 4.5
A16: 11 | B16: 351 | C16: Nguyễn Thị Mai | D16: NGUYEN THI MAI | E16: 1975 | F16: THCS | G16: THCS Nguyễn Du | H16: Sóc Sơn | K16: 4.5
A17: 12 | B17: 352 | C17: Vương Thị Hạnh | D17: VUONG THI HANH | E17: 1984 | F17: THCS | G17: THCS Tân Minh A | H17: Sóc Sơn | I17: 1184022018 | J17: Giáo viên trung học cơ sở hạng III - V.07.04.32 | K17: 4.5
A18: 13 | B18: 353 | C18: Trịnh Thị Lê Hằng | D18: TRINH THI LE HANG | E18: 1976 | F18: THCS | G18: THCS Tân Minh A | H18: Sóc Sơn | I18: =Merge18!I14 -> 001184022018 | J18: =Merge18!J14 -> Giáo viên trung học cơ sở hạng III - V.07.04.32 | K18: 4.5
A19: 14 | B19: 354 | C19: Lê Đức Vĩnh | D19: LE DUC VINH | E19: 1974 | F19: THCS | G19: THCS Phù Linh | H19: Sóc Sơn | I19: 1074022571 | J19: Giáo viên trung học cơ sở hạng II - V.07.04.31 | K19: 4.5
A20: 15 | B20: 355 | C20: Lê Thị Duyên | D20: LE THI DUYEN | E20: 1984 | F20: TH | G20: TH Đào Duy Tùng | H20: Đông Anh | I20: 1184030240 | J20: Giáo viên tiểu học hạng III – V.07.03.29 | K20: 5
A21: 16 | B21: 356 | C21: Vương Phương Lâm | D21: VUONG PHUONG LAM | E21: 1980 | F21: TH | G21: TH Đại Mạch | H21: Thiên Lộc | I21: 1180014694 | J21: Giáo viên tiểu học hạng III – V.07.03.29 | K21: 5
A22: 17 | B22: 357 | C22: Vũ Thị Mẫn | D22: VU THI MAN | E22: 1980 | F22: TH | G22: TH Lê Hữu Tựu | H22: Phúc Thịnh | I22: 1180005662 | J22: Giáo viên tiểu học hạng III – V.07.03.29 | K22: 5
A23: 18 | B23: 358 | C23: Nguyễn Thị Bích Loan | D23: NGUYEN THI BICH LOAN | E23: 1977 | F23: TH | G23: TH Hải Bối | H23: Vĩnh Thanh | I23: =Merge18!I19 -> 001180005662 | J23: =Merge18!J19 -> Giáo viên tiểu học hạng III – V.07.03.29 | K23: 5
A24: 19 | B24: 359 | C24: Nguyễn Tư Vinh | D24: NGUYEN TU VINH | E24: 1977 | F24: THCS | G24: THCS Liên Hà | H24: Thư Lâm | I24: 27177000344 | J24: Giáo viên trung học cơ sở hạng II - V.07.04.31 | K24: 5
A25: 20 | B25: 360 | C25: Dương Thị Thanh Hương | D25: DUONG THI THANH HUONG | E25: 1976 | F25: THCS | G25: THCS Liên Hà | H25: Thư Lâm | I25: 1176045858 | J25: Giáo viên trung học cơ sở hạng II - V.07.04.31 | K25: 5
M26: Nghe | N26: Đọc | O26: Viết | P26: Nói | Q26: Điểm IELTS đầu ra
F27: SỞ GIÁO DỤC & ĐÀO TẠO HÀ NỘI | N27: ĐẠI DIỆN ĐƠN VỊ ĐÀO TẠO
A28: Số học viên đã thi và được cấp chứng chỉ:
A29: Số học viên đạt kết quả đầu ra:
A30: Số học viên không đạt kết quả đầu ra:
A31: Số học viên thuộc diện bất khả kháng
A32: Số học viên được thanh toán:

Sheet 19
A1: DANH SÁCH THI VÀ KẾT QUẢ THI IELTS ĐẦU RA
A2: Mã lớp: 19
A3: Đơn vị đào tạo: CÔNG TY CỔ PHẦN TRUNG TÂM ANH NGỮ AMA VINH
A5: TT | B5: Mã HV | C5: HỌ VÀ TÊN | D5: Ho va ten | E5: NĂM SINH | F5: BẬC DẠY | G5: ĐƠN VỊ CÔNG TÁC | H5: PHƯỜNG/XÃ | I5: Số CCCD/ Hộ chiếu | J5: Mã ngạch viên chức | K5: Điểm IELTS đầu vào | L5: Điểm IELTS đầu ra cần đạt | M5: Kết quả thi IELTS đầu ra | R5: KẾT QUẢ (Đạt/Không đạt)
M6: Nghe | N6: Đọc | O6: Viết | P6: Nói | Q6: Điểm IELTS đầu ra
A7: Column1 | B7: Column2 | C7: Column3 | D7: Column32 | E7: Column4 | F7: Column5 | G7: Column6 | H7: Column7 | I7: Column8 | J7: Column9 | K7: Column10 | L7: Column11 | M7: Column12 | N7: Column13 | O7: Column14 | P7: Column15 | Q7: Column16 | R7: Column17
A8: 1 | B8: 361 | C8: Phạm Thị Cửu | D8: PHAM THI CUU | E8: 1976 | F8: THCS | G8: THCS Xuân Nộn | H8: Thư Lâm | I8: =IF(ISBLANK(Merge19!T2), IF(ISBLANK(Merge19!U2), "", Merge19!U2),Merge19!T2& IF(ISBLANK(Merge19!U2), "", "-"&Merge19!U2)) -> 001176046134 | J8: =IF(ISBLANK(Merge19!S2),"",Merge19!S2) -> Giáo viên trung học cơ sở hạng II - V.07.04.31 | K8: 5
A9: 2 | B9: 362 | C9: Hoàng Thu Hằng | D9: HOANG THU HANG | E9: 1975 | F9: THCS | G9: THCS Uy Nỗ | H9: Đông Anh | I9: =IF(ISBLANK(Merge19!T3), IF(ISBLANK(Merge19!U3), "", Merge19!U3),Merge19!T3& IF(ISBLANK(Merge19!U3), "", "-"&Merge19!U3)) -> 001178029456 | J9: =IF(ISBLANK(Merge19!S3),"",Merge19!S3) -> Giáo viên trung học phổ thông hạng III - V.07.05.15 | K9: 5
A10: 3 | B10: 363 | C10: Ngô Thị Hà | D10: NGO THI HA | E10: 1975 | F10: THCS | G10: THCS Vân Hà | H10: Thư Lâm | I10: =IF(ISBLANK(Merge19!T4), IF(ISBLANK(Merge19!U4), "", Merge19!U4),Merge19!T4& IF(ISBLANK(Merge19!U4), "", "-"&Merge19!U4)) -> 035185004411 | J10: =IF(ISBLANK(Merge19!S4),"",Merge19!S4) -> Giáo viên trung học phổ thông hạng II - V.07.05.14 | K10: 5
A11: 4 | B11: 364 | C11: Nghiêm Thị Nụ | D11: NGHIEM THI NU | E11: 1984 | F11: THPT | G11: THPT Liên Hà | H11: Thư Lâm | I11: =IF(ISBLANK(Merge19!T5), IF(ISBLANK(Merge19!U5), "", Merge19!U5),Merge19!T5& IF(ISBLANK(Merge19!U5), "", "-"&Merge19!U5)) -> 034178005875 | J11: =IF(ISBLANK(Merge19!S5),"",Merge19!S5) -> Giáo viên tiểu học hạng II – V.07.03.28 | K11: 5
A12: 5 | B12: 365 | C12: Phạm Thị Thu Thiêm | D12: PHAM THI THU THIEM | E12: 1976 | F12: THPT | G12: THPT Liên Hà | H12: Thư Lâm | I12: =IF(ISBLANK(Merge19!T6), IF(ISBLANK(Merge19!U6), "", Merge19!U6),Merge19!T6& IF(ISBLANK(Merge19!U6), "", "-"&Merge19!U6)) -> 001181004093 | J12: =IF(ISBLANK(Merge19!S6),"",Merge19!S6) -> Giáo viên tiểu học hạng II – V.07.03.28 | K12: 5
A13: 6 | B13: 366 | C13: Nguyễn Thị Nhung | D13: NGUYEN THI NHUNG | E13: 1978 | F13: THPT | G13: THPT Đông Anh | H13: Thư Lâm | I13: =IF(ISBLANK(Merge19!T7), IF(ISBLANK(Merge19!U7), "", Merge19!U7),Merge19!T7& IF(ISBLANK(Merge19!U7), "", "-"&Merge19!U7)) -> 001178029862 | J13: =IF(ISBLANK(Merge19!S7),"",Merge19!S7) -> Giáo viên trung học cơ sở hạng II - V.07.04.31 | K13: 5
A14: 7 | B14: 367 | C14: Nguyễn Thế Huệ | D14: NGUYEN THE HUE | E14: 1977 | F14: THPT | G14: THPT Đông Anh | H14: Thư Lâm | I14: =IF(ISBLANK(Merge19!T9), IF(ISBLANK(Merge19!U9), "", Merge19!U9),Merge19!T9& IF(ISBLANK(Merge19!U9), "", "-"&Merge19!U9)) -> 001077040753 | J14: Giáo viên trung học phổ thông hạng III - V.07.05.15 | K14: 5
A15: 8 | B15: 368 | C15: Nguyễn Thị Nga | D15: NGUYEN THI NGA | E15: 1985 | F15: THPT | G15: THPT Tiến Thịnh | H15: Yên Lãng | I15: 35185004411 | J15: Giáo viên trung học phổ thông hạng II - V.07.05.14 | K15: 5
A16: 9 | B16: 369 | C16: Phùng Thu Hường | D16: PHUNG THU HUONG | E16: 1987 | F16: TH | G16: TH Tự Lập B | H16: Tiến Thắng | I16: =IF(ISBLANK(Merge19!T10), IF(ISBLANK(Merge19!U10), "", Merge19!U10),Merge19!T10& IF(ISBLANK(Merge19!U10), "", "-"&Merge19!U10)) -> 001085037860 | J16: =IF(ISBLANK(Merge19!S10),"",Merge19!S10) -> Giáo viên tiểu học hạng IV - V.07.03.09 | K16: 5
A17: 10 | B17: 370 | C17: Đoàn Phương Thảo | D17: DOAN PHUONG THAO | E17: 1983 | F17: TH | G17: TH Thanh Lâm B | H17: Quang Minh | I17: =IF(ISBLANK(Merge19!T11), IF(ISBLANK(Merge19!U11), "", Merge19!U11),Merge19!T11& IF(ISBLANK(Merge19!U11), "", "-"&Merge19!U11)) -> 024182000152 | J17: =IF(ISBLANK(Merge19!S11),"",Merge19!S11) -> Giáo viên trung học phổ thông hạng III - V.07.05.15 | K17: 5
A18: 11 | B18: 371 | C18: Nguyễn Thanh Hà | D18: NGUYEN THANH HA | E18: 1984 | F18: TH | G18: TH Chu Phan | H18: Yên Lãng | I18: =IF(ISBLANK(Merge19!T12), IF(ISBLANK(Merge19!U12), "", Merge19!U12),Merge19!T12& IF(ISBLANK(Merge19!U12), "", "-"&Merge19!U12)) -> 001176046317 | J18: =IF(ISBLANK(Merge19!S12),"",Merge19!S12) -> Giáo viên trung học phổ thông hạng III - V.07.05.15 | K18: 5
A19: 12 | B19: 372 | C19: Nguyễn Hoài Thanh | D19: NGUYEN HOAI THANH | E19: 1978 | F19: TH | G19: TH Đại Thịnh B | H19: Quang Minh | I19: =IF(ISBLANK(Merge19!T13), IF(ISBLANK(Merge19!U13), "", Merge19!U13),Merge19!T13& IF(ISBLANK(Merge19!U13), "", "-"&Merge19!U13)) -> 001187032876 | J19: =IF(ISBLANK(Merge19!S13),"",Merge19!S13) -> Giáo viên tiểu học hạng III – V.07.03.29 | K19: 5
A20: 13 | B20: 373 | C20: Nguyễn Văn Bằng | D20: NGUYEN VAN BANG | E20: 1985 | F20: TH | G20: TH Tự Lập A | H20: Tiến Thắng | I20: =IF(ISBLANK(Merge19!T14), IF(ISBLANK(Merge19!U14), "", Merge19!U14),Merge19!T14& IF(ISBLANK(Merge19!U14), "", "-"&Merge19!U14)) -> 001184017736 | J20: =IF(ISBLANK(Merge19!S14),"",Merge19!S14) -> Giáo viên trung học phổ thông hạng III - V.07.05.15 | K20: 5
A21: 14 | B21: 374 | C21: Lê Thị Loan | D21: LE THI LOAN | E21: 1981 | F21: TH | G21: TH Thạch Đà B | H21: Yên Lãng | I21: 1181004093 | J21: Giáo viên tiểu học hạng II – V.07.03.28 | K21: 5
A22: 15 | B22: 375 | C22: Nguyễn Thị Hằng | D22: NGUYEN THI HANG | E22: 1982 | F22: TH | G22: TH Mê Linh | H22: Mê Linh | I22: 987892839 | J22: Giáo viên tiểu học hạng III - V07.03.08 | K22: 5
A23: 16 | B23: 376 | C23: Lê Thị Hạnh | D23: LE THI HANH | E23: 1978 | F23: THCS | G23: THCS Tráng Việt | H23: Mê Linh | I23: 1178029862 | J23: Giáo viên trung học cơ sở hạng II - V.07.04.31 | K23: 5
A24: 17 | B24: 377 | C24: Nguyễn Thị Thắm | D24: NGUYEN THI THAM | E24: 1978 | F24: THCS | G24: THCS Tiền Phong | H24: Mê Linh | I24: 1178010346 | J24: Giáo viên trung học cơ sở hạng II - V.07.04.31 | K24: 5
A25: 18 | B25: 378 | C25: Nguyễn Thu Hường | D25: NGUYEN THU HUONG | E25: 1982 | F25: THCS | G25: THCS Văn Khê | H25: Mê Linh | I25: 26182001327 | J25: Giáo viên trung học cơ sở hạng II - V.07.04.31 | K25: 5
A26: 19 | B26: 379 | C26: Nguyễn Văn Dũng | D26: NGUYEN VAN DUNG | E26: 1979 | F26: THCS | G26: THCS Văn Khê | H26: Mê Linh | I26: 1079050226 | J26: Giáo viên trung học cơ sở hạng II - V.07.04.31 | K26: 5
A27: 20 | B27: 380 | C27: Nguyễn Thị Tuyết | D27: NGUYEN THI TUYET | E27: 1981 | F27: THCS | G27: THCS Văn Khê | H27: Mê Linh | I27: 1181043471 | J27: Giáo viên trung học cơ sở hạng II - V.07.04.31 | K27: 5
F28: SỞ GIÁO DỤC & ĐÀO TẠO HÀ NỘI | N28: ĐẠI DIỆN ĐƠN VỊ ĐÀO TẠO
A29: Số học viên đã thi và được cấp chứng chỉ:
A30: Số học viên đạt kết quả đầu ra:
A31: Số học viên không đạt kết quả đầu ra:
A32: Số học viên thuộc diện bất khả kháng
A33: Số học viên được thanh toán:

Sheet 20
A1: DANH SÁCH THI VÀ KẾT QUẢ THI IELTS ĐẦU RA
A2: Mã lớp: 20
A3: Đơn vị đào tạo: CÔNG TY CỔ PHẦN TRUNG TÂM ANH NGỮ AMA VINH
A5: TT | B5: Mã HV | C5: HỌ VÀ TÊN | D5: Ho va ten | E5: NĂM SINH | F5: BẬC DẠY | G5: ĐƠN VỊ CÔNG TÁC | H5: PHƯỜNG/XÃ | I5: Số CCCD/ Hộ chiếu | J5: Mã ngạch viên chức | K5: Điểm IELTS đầu vào | L5: Điểm IELTS đầu ra cần đạt | M5: Kết quả thi IELTS đầu ra | R5: KẾT QUẢ (Đạt/Không đạt)
M6: Nghe | N6: Đọc | O6: Viết | P6: Nói | Q6: Điểm IELTS đầu ra
A7: Column1 | B7: Column2 | C7: Column3 | D7: Column4 | E7: Column5 | F7: Column6 | G7: Column7 | H7: Column8 | I7: Column9 | J7: Column10 | K7: Column11 | L7: Column12 | M7: Column13 | N7: Column14 | O7: Column15 | P7: Column16 | Q7: Column17 | R7: Column18
A8: 1 | B8: 381 | C8: Trần Thị Bích Hiển | D8: TRAN THI BICH HIEN | E8: 1979 | F8: THCS | G8: THCS Tam Đồng | H8: Tiến Thắng | I8: =IF(ISBLANK(Merge20!T2), IF(ISBLANK(Merge20!U2), "", Merge20!U2),Merge20!T2& IF(ISBLANK(Merge20!U2), "", "-"&Merge20!U2)) -> 001079033488-C510532707 | J8: =IF(ISBLANK(Merge20!S2),"",Merge20!S2) -> Giáo viên trung học cơ sở hạng I - V.07.04.30 | K8: 5
A9: 2 | B9: 382 | C9: Trần Thị Thu Hằng | D9: TRAN THI THU HANG | E9: 1983 | F9: TH | G9: TH Văn Khê B | H9: Mê Linh | I9: =IF(ISBLANK(Merge20!T3), IF(ISBLANK(Merge20!U3), "", Merge20!U3),Merge20!T3& IF(ISBLANK(Merge20!U3), "", "-"&Merge20!U3)) -> 001176033068 | J9: =IF(ISBLANK(Merge20!S3),"",Merge20!S3) -> Giáo viên trung học cơ sở hạng II - V.07.04.31 | K9: 5
A10: 3 | B10: 383 | C10: Nguyễn Thị Kim Anh | D10: NGUYEN THI KIM ANH | E10: 1984 | F10: THCS | G10: THCS Tự Lập | H10: Tiến Thắng | I10: =IF(ISBLANK(Merge20!T4), IF(ISBLANK(Merge20!U4), "", Merge20!U4),Merge20!T4& IF(ISBLANK(Merge20!U4), "", "-"&Merge20!U4)) -> 001075010580 | J10: =IF(ISBLANK(Merge20!S4),"",Merge20!S4) -> Giáo viên trung học cơ sở hạng II - V.07.04.31 | K10: 5
A11: 4 | B11: 384 | C11: Nguyễn Minh Dung | D11: NGUYEN MINH DUNG | E11: 1979 | F11: THCS | G11: THCS Kim Hoa | H11: Quang Minh | I11: =IF(ISBLANK(Merge20!T5), IF(ISBLANK(Merge20!U5), "", Merge20!U5),Merge20!T5& IF(ISBLANK(Merge20!U5), "", "-"&Merge20!U5)) -> ‘001177017369 | J11: =IF(ISBLANK(Merge20!S5),"",Merge20!S5) -> Giáo viên trung học cơ sở hạng II - V.07.04.31 | K11: 5
A12: 5 | B12: 385 | C12: Nguyễn Văn Khiêm | D12: NGUYEN VAN KHIEM | E12: 1977 | F12: THCS | G12: THCS Chu Phan | H12: Yên Lãng | I12: =IF(ISBLANK(Merge20!T6), IF(ISBLANK(Merge20!U6), "", Merge20!U6),Merge20!T6& IF(ISBLANK(Merge20!U6), "", "-"&Merge20!U6)) -> 001175013832 | J12: Giáo viên trung học cơ sở hạng II - V.07.04.31 | K12: 4.5
A13: 6 | B13: 386 | C13: Nguyễn Thị Hoa | D13: NGUYEN THI HOA | E13: 1996 | F13: TH | G13: TH An Dương | H13: Hồng Hà | I13: =IF(ISBLANK(Merge20!T7), IF(ISBLANK(Merge20!U7), "", Merge20!U7),Merge20!T7& IF(ISBLANK(Merge20!U7), "", "-"&Merge20!U7)) -> 026179008039 | J13: =IF(ISBLANK(Merge20!S7),"",Merge20!S7) -> Giáo viên trung học cơ sở hạng II - V.07.04.31 | K13: 5
A14: 7 | B14: 387 | C14: Quách Thị Thanh Trà | D14: QUACH THI THANH TRA | E14: 1979 | F14: THPT | G14: THPT Minh Phú | H14: Kim Anh | I14: =IF(ISBLANK(Merge20!T8), IF(ISBLANK(Merge20!U8), "", Merge20!U8),Merge20!T8& IF(ISBLANK(Merge20!U8), "", "-"&Merge20!U8)) -> 001176004956 | J14: =IF(ISBLANK(Merge20!S8),"",Merge20!S8) -> Giáo viên trung học phổ thông hạng III - V.07.05.15 | K14: 4.5
A15: 8 | B15: 388 | C15: Lê Thị Dung | D15: LE THI DUNG | E15: 1977 | F15: THPT | G15: THPT Sóc Sơn | H15: Sóc Sơn | I15: =IF(ISBLANK(Merge20!T9), IF(ISBLANK(Merge20!U9), "", Merge20!U9),Merge20!T9& IF(ISBLANK(Merge20!U9), "", "-"&Merge20!U9)) -> 001077024738 | J15: =IF(ISBLANK(Merge20!S9),"",Merge20!S9) -> Giáo viên trung học cơ sở hạng II - V.07.04.31 | K15: 5
A16: 9 | B16: 389 | C16: Trần Thị Huệ | D16: TRAN THI HUE | E16: 1976 | F16: THPT | G16: THPT Trung Giã | H16: Trung Giã | I16: =IF(ISBLANK(Merge20!T10), IF(ISBLANK(Merge20!U10), "", Merge20!U10),Merge20!T10& IF(ISBLANK(Merge20!U10), "", "-"&Merge20!U10)) -> 001177014103 | J16: =IF(ISBLANK(Merge20!S10),"",Merge20!S10) -> Giáo viên trung học phổ thông hạng III - V.07.05.15 | K16: 5
A17: 10 | B17: 390 | C17: Nguyễn Ngọc Tuân | D17: NGUYEN NGOC TUAN | E17: 1975 | F17: THPT | G17: THPT Minh Phú | H17: Kim Anh | I17: =IF(ISBLANK(Merge20!T11), IF(ISBLANK(Merge20!U11), "", Merge20!U11),Merge20!T11& IF(ISBLANK(Merge20!U11), "", "-"&Merge20!U11)) -> 001178022441 | J17: =IF(ISBLANK(Merge20!S11),"",Merge20!S11) -> Giáo viên trung học cơ sở hạng II - V.07.04.31 | K17: 5
A18: 11 | B18: 391 | C18: Đàm Thị Tú Uyên | D18: DAM THI TU UYEN | E18: 1978 | F18: THCS | G18: THCS Phú Minh | H18: Nội Bài | I18: =IF(ISBLANK(Merge20!T12), IF(ISBLANK(Merge20!U12), "", Merge20!U12),Merge20!T12& IF(ISBLANK(Merge20!U12), "", "-"&Merge20!U12)) -> 001179000066 | J18: =IF(ISBLANK(Merge20!S12),"",Merge20!S12) -> Giáo viên trung học cơ sở hạng III - V.07.04.32 | K18: 5
A19: 12 | B19: 392 | C19: Hoàng Thị Oanh | D19: HOANG THI OANH | E19: 1976 | F19: THCS | G19: THCS Phú Minh | H19: Nội Bài | I19: =IF(ISBLANK(Merge20!T13), IF(ISBLANK(Merge20!U13), "", Merge20!U13),Merge20!T13& IF(ISBLANK(Merge20!U13), "", "-"&Merge20!U13)) -> 001194046711 | J19: =IF(ISBLANK(Merge20!S13),"",Merge20!S13) -> Giáo viên trung học cơ sở hạng II - V.07.04.31 | K19: 5
A20: 13 | B20: 393 | C20: Nguyễn Thị Hồng Thắm | D20: NGUYEN THI HONG THAM | E20: 1977 | F20: THCS | G20: THCS Nam Sơn | H20: Trung Giã | I20: =IF(ISBLANK(Merge20!T14), IF(ISBLANK(Merge20!U14), "", Merge20!U14),Merge20!T14& IF(ISBLANK(Merge20!U14), "", "-"&Merge20!U14)) -> ‘001178001577 | J20: =IF(ISBLANK(Merge20!S14),"",Merge20!S14) -> Giáo viên trung học cơ sở hạng II - V.07.04.31 | K20: 4.5
A21: 14 | B21: 394 | C21: Tạ Quang Nguyên | D21: TA QUANG NGUYEN | E21: 1975 | F21: THCS | G21: THCS Hồng Kỳ | H21: Trung Giã | I21: =IF(ISBLANK(Merge20!T15), IF(ISBLANK(Merge20!U15), "", Merge20!U15),Merge20!T15& IF(ISBLANK(Merge20!U15), "", "-"&Merge20!U15)) -> 026176000273 | J21: =IF(ISBLANK(Merge20!S15),"",Merge20!S15) -> Giáo viên trung học cơ sở hạng II - V.07.04.31 | K21: 5
A22: 15 | B22: 395 | C22: Trịnh Thị Thu Hường | D22: TRINH THI THU HUONG | E22: 1975 | F22: THCS | G22: THCS Trung Giã | H22: Trung Giã | I22: =IF(ISBLANK(Merge20!T16), IF(ISBLANK(Merge20!U16), "", Merge20!U16),Merge20!T16& IF(ISBLANK(Merge20!U16), "", "-"&Merge20!U16)) -> 001179047464 | J22: =IF(ISBLANK(Merge20!S16),"",Merge20!S16) -> Giáo viên trung học phổ thông hạng III - V.07.05.15 | K22: 5
A23: 16 | B23: 739 | C23: Trần Thị Trang | D23: TRAN THI TRANG | E23: 1987 | F23: THPT | G23: THPT Ngọc Tảo | H23: Phúc Thọ | I23: 1187041867 | J23: Giáo viên trung học phổ thông hạng III - V.07.05.15 | K23: 5
A24: 17 | B24: 16 | C24: Nguyễn Thu Trang | D24: NGUYEN THU TRANG | E24: 1979 | F24: THCS | G24: THCS Nguyễn Công Trứ | H24: Ba Đình | I24: 1179000066 | J24: Giáo viên trung học cơ sở hạng III - V.07.04.32 | K24: 4.5
A25: 18 | B25: 398 | C25: Nguyễn Thị Bích Ngọc | D25: NGUYEN THI BICH NGOC | E25: 1976 | F25: THCS | G25: THCS Mai Đình | H25: Sóc Sơn | I25: 1176033068 | J25: Giáo viên trung học cơ sở hạng II - V.07.04.31 | K25: 5
A26: 19 | B26: 399 | C26: Bùi Thị Mai Thanh | D26: BUI THI MAI THANH | E26: 1975 | F26: THCS | G26: THCS Nguyễn Du | H26: Sóc Sơn | I26: 1175032774 | J26: Giáo viên trung học cơ sở hạng II - V.07.04.31 | K26: 6
A27: 20 | B27: 400 | C27: Trần Thị Tâm | D27: TRAN THI TAM | E27: 1978 | F27: THCS | G27: THCS Tiên Dược | H27: Sóc Sơn | I27: 1178001577 | J27: Giáo viên trung học cơ sở hạng II - V.07.04.31 | K27: 6
F28: SỞ GIÁO DỤC & ĐÀO TẠO HÀ NỘI | N28: ĐẠI DIỆN ĐƠN VỊ ĐÀO TẠO
A29: Số học viên đã thi và được cấp chứng chỉ:
A30: Số học viên đạt kết quả đầu ra:
A31: Số học viên không đạt kết quả đầu ra:
A32: Số học viên thuộc diện bất khả kháng
A33: Số học viên được thanh toán:

Sheet 21
A1: DANH SÁCH THI VÀ KẾT QUẢ THI IELTS ĐẦU RA
A2: Mã lớp: 21
A3: Đơn vị đào tạo: CÔNG TY CỔ PHẦN TRUNG TÂM ANH NGỮ AMA VINH
A5: TT | B5: Mã HV | C5: HỌ VÀ TÊN | D5: Ha va ten | E5: NĂM SINH | F5: BẬC DẠY | G5: ĐƠN VỊ CÔNG TÁC | H5: PHƯỜNG/XÃ | I5: Số CCCD/ Hộ chiếu | J5: Mã ngạch viên chức | K5: Điểm IELTS đầu vào | L5: Điểm IELTS đầu ra cần đạt | M5: Kết quả thi IELTS đầu ra | R5: KẾT QUẢ (Đạt/Không đạt)
M6: Nghe | N6: Đọc | O6: Viết | P6: Nói | Q6: Điểm IELTS đầu ra
A7: Column1 | B7: Column2 | C7: Column3 | D7: Column4 | E7: Column5 | F7: Column6 | G7: Column7 | H7: Column8 | I7: Column9 | J7: Column10 | K7: Column11 | L7: Column12 | M7: Column13 | N7: Column14 | O7: Column15 | P7: Column16 | Q7: Column17 | R7: Column18
A8: 1 | B8: 401 | C8: Trần Mai Hương | D8: TRAN MAI HUONG | E8: 1975 | F8: THCS | G8: THCS Phù Linh | H8: Sóc Sơn | I8: =IF(ISBLANK(Merge21!T2), IF(ISBLANK(Merge21!U2), "", Merge21!U2),Merge21!T2& IF(ISBLANK(Merge21!U2), "", "-"&Merge21!U2)) -> 001174036478 | J8: =IF(ISBLANK(Merge21!S2),"",Merge21!S2) -> Giáo viên trung học cơ sở hạng II - V.07.04.31 | K8: 5
A9: 2 | B9: 402 | C9: Phạm Thị Mai Phúc | D9: PHAM THI MAI PHUC | E9: 1976 | F9: THCS | G9: THCS Phù Linh | H9: Phù Linh | I9: =IF(ISBLANK(Merge21!T3), IF(ISBLANK(Merge21!U3), "", Merge21!U3),Merge21!T3& IF(ISBLANK(Merge21!U3), "", "-"&Merge21!U3)) -> 001077036817 | J9: =IF(ISBLANK(Merge21!S3),"",Merge21!S3) -> Giáo viên trung học cơ sở hạng II - V.07.04.31 | K9: 5
A10: 3 | B10: 403 | C10: Nguyễn Thị Hoà | D10: NGUYEN THI HOA | E10: 1994 | F10: THCS | G10: THCS Vân Hà | H10: Thư Lâm | I10: =IF(ISBLANK(Merge21!T4), IF(ISBLANK(Merge21!U4), "", Merge21!U4),Merge21!T4& IF(ISBLANK(Merge21!U4), "", "-"&Merge21!U4)) -> 001175023937 | J10: =IF(ISBLANK(Merge21!S4),"",Merge21!S4) -> Giáo viên trung học cơ sở hạng II - V.07.04.31 | K10: 5.5
A11: 4 | B11: 404 | C11: Nguyễn Thị Huệ | D11: NGUYEN THI HUE | E11: 1979 | F11: THCS | G11: THCS Dục Tú | H11: Đông Anh | I11: =IF(ISBLANK(Merge21!T5), IF(ISBLANK(Merge21!U5), "", Merge21!U5),Merge21!T5& IF(ISBLANK(Merge21!U5), "", "-"&Merge21!U5)) -> 001194006005 | J11: =IF(ISBLANK(Merge21!S5),"",Merge21!S5) -> Giáo viên trung học cơ sở hạng III - V.07.04.32 | K11: 5.5
A12: 5 | B12: 405 | C12: Lê Anh Tuấn | D12: LE ANH TUAN | E12: 1979 | F12: THCS | G12: THCS Đông Thái | H12: Tây Hồ | I12: =IF(ISBLANK(Merge21!T6), IF(ISBLANK(Merge21!U6), "", Merge21!U6),Merge21!T6& IF(ISBLANK(Merge21!U6), "", "-"&Merge21!U6)) -> 008179000026 | J12: =IF(ISBLANK(Merge21!S6),"",Merge21!S6) -> Giáo viên trung học cơ sở hạng II - V.07.04.31 | K12: 5.5
A13: 6 | B13: 406 | C13: Đào Thị Thúy Hà | D13: DAO THI THUY HA | E13: 1979 | F13: THCS | G13: THCS Vĩnh Ngọc | H13: Vĩnh Thanh | I13: =IF(ISBLANK(Merge21!T7), IF(ISBLANK(Merge21!U7), "", Merge21!U7),Merge21!T7& IF(ISBLANK(Merge21!U7), "", "-"&Merge21!U7)) -> 001079024981 | J13: =IF(ISBLANK(Merge21!S7),"",Merge21!S7) -> Giáo viên trung học cơ sở hạng II - V.07.04.31 | K13: 5
A14: 7 | B14: 407 | C14: Nguyễn Thị Lan Anh | D14: NGUYEN THI LAN ANH | E14: 1978 | F14: THCS | G14: THCS Đông Hội | H14: Đông Anh | I14: =IF(ISBLANK(Merge21!T8), IF(ISBLANK(Merge21!U8), "", Merge21!U8),Merge21!T8& IF(ISBLANK(Merge21!U8), "", "-"&Merge21!U8)) -> 001184039143 | J14: =IF(ISBLANK(Merge21!S8),"",Merge21!S8) -> Giáo viên tiểu học hạng III – V.07.03.29 | K14: 5.5
A15: 8 | B15: 408 | C15: Nguyễn Ngọc Quân | D15: NGUYEN NGOC QUAN | E15: 1974 | F15: THCS | G15: THCS Thụy Lâm | H15: Phúc Thịnh | I15: =IF(ISBLANK(Merge21!T9), IF(ISBLANK(Merge21!U9), "", Merge21!U9),Merge21!T9& IF(ISBLANK(Merge21!U9), "", "-"&Merge21!U9)) -> 001177046284 | J15: =IF(ISBLANK(Merge21!S9),"",Merge21!S9) -> Giáo viên trung học phổ thông hạng III - V.07.05.15 | K15: 4.5
A16: 9 | B16: 409 | C16: Ngô Văn Việt | D16: NGO VAN VIET | E16: 1977 | F16: THCS | G16: THCS An Dương Vương | H16: Đông Anh | I16: =IF(ISBLANK(Merge21!T10), IF(ISBLANK(Merge21!U10), "", Merge21!U10),Merge21!T10& IF(ISBLANK(Merge21!U10), "", "-"&Merge21!U10)) -> 001180044201 | J16: =IF(ISBLANK(Merge21!S10),"",Merge21!S10) -> Giáo viên tiểu học hạng III – V.07.03.29 | K16: 5.5
A17: 10 | B17: 410 | C17: Lê Thị Hương | D17: LE THI HUONG | E17: 1976 | F17: THCS | G17: THCS Kim Chung | H17: Thiên Lộc | I17: =IF(ISBLANK(Merge21!T11), IF(ISBLANK(Merge21!U11), "", Merge21!U11),Merge21!T11& IF(ISBLANK(Merge21!U11), "", "-"&Merge21!U11)) -> 001178021999 | J17: =IF(ISBLANK(Merge21!S11),"",Merge21!S11) -> Giáo viên trung học cơ sở hạng II - V.07.04.31 | K17: 5.5
A18: 11 | B18: 411 | C18: Phạm Thị Chính | D18: PHAM THI CHINH | E18: 1975 | F18: THCS | G18: THCS Cổ Loa | H18: Đông Anh | I18: =IF(ISBLANK(Merge21!T12), IF(ISBLANK(Merge21!U12), "", Merge21!U12),Merge21!T12& IF(ISBLANK(Merge21!U12), "", "-"&Merge21!U12)) -> 001194046711 | J18: =IF(ISBLANK(Merge21!S12),"",Merge21!S12) -> Giáo viên trung học cơ sở hạng II - V.07.04.31 | K18: 5.5
A19: 12 | B19: 412 | C19: Lê Thị Mai Lan | D19: LE THI MAI LAN | E19: 1974 | F19: THCS | G19: THCS Tiên Dương | H19: Đông Anh | I19: =IF(ISBLANK(Merge21!T13), IF(ISBLANK(Merge21!U13), "", Merge21!U13),Merge21!T13& IF(ISBLANK(Merge21!U13), "", "-"&Merge21!U13)) -> 001196039783 | J19: =IF(ISBLANK(Merge21!S13),"",Merge21!S13) -> Giáo viên tiểu học hạng III – V.07.03.29 | K19: 4.5
A20: 13 | B20: 413 | C20: Phạm Thị Cúc | D20: PHAM THI CUC | E20: 1989 | F20: THPT | G20: THPT Cổ Loa | H20: Đông Anh | I20: =IF(ISBLANK(Merge21!T14), IF(ISBLANK(Merge21!U14), "", Merge21!U14),Merge21!T14& IF(ISBLANK(Merge21!U14), "", "-"&Merge21!U14)) -> 001189011826 | J20: =IF(ISBLANK(Merge21!S14),"",Merge21!S14) -> Giáo viên trung học phổ thông hạng III - V.07.05.15 | K20: 5.5
A21: 14 | B21: 414 | C21: Chử Thị Thu Trang | D21: CHU THI THU TRANG | E21: 1978 | F21: THPT | G21: THPT Cổ Loa | H21: Đông Anh | I21: 1178002480 | J21: Giáo viên trung học phổ thông hạng III - V.07.05.15 | K21: 5.5
A22: 15 | B22: 415 | C22: Lê Thị Hải | D22: LE THI HAI | E22: 1977 | F22: THPT | G22: THPT Liên Hà | H22: Thư Lâm | I22: 1184039143 | J22: Giáo viên tiểu học hạng III – V.07.03.29 | K22: 5.5
A23: 16 | B23: 416 | C23: Nguyễn Thị Thu Hương | D23: NGUYEN THI THU HUONG | E23: 1976 | F23: THPT | G23: THPT Liên Hà | H23: Thư Lâm | I23: 27176011754 | J23: Giáo viên trung học phổ thông hạng III - V.07.05.15 | K23: 5.5
A24: 17 | B24: 417 | C24: Phạm Quỳnh Liên | D24: PHAM QUYNH LIEN | E24: 1996 | F24: TH | G24: TH Võng La | H24: Thiên Lộc | I24: 1196039783 | J24: Giáo viên tiểu học hạng III – V.07.03.29 | K24: 5.5
A25: 18 | B25: 418 | C25: Dương Thị Thu Phương | D25: DUONG THI THU PHUONG | E25: 1993 | F25: TH | G25: TH Thị Trấn | H25: Thư Lâm | I25: 1193046294 | J25: Giáo viên tiểu học hạng III – V.07.03.29 | K25: 5
A26: 19 | B26: 419 | C26: Nguyễn Thị Hồng Huệ | D26: NGUYEN THI HONG HUE | E26: 1980 | F26: TH | G26: TH Kim Nỗ | H26: Thiên Lộc | I26: 1180044201 | J26: Giáo viên tiểu học hạng III – V.07.03.29 | K26: 5.5
A27: 20 | B27: 420 | C27: Nguyễn Thị Minh Hiển | D27: NGUYEN THI MINH HIEN | E27: 1979 | F27: TH | G27: TH Võng La | H27: Thiên Lộc | I27: 1179003519 | J27: Giáo viên tiểu học hạng II – V.07.03.28 | K27: 5.5
F28: SỞ GIÁO DỤC & ĐÀO TẠO HÀ NỘI | N28: ĐẠI DIỆN ĐƠN VỊ ĐÀO TẠO
A29: Số học viên đã thi và được cấp chứng chỉ:
A30: Số học viên đạt kết quả đầu ra:
A31: Số học viên không đạt kết quả đầu ra:
A32: Số học viên thuộc diện bất khả kháng
A33: Số học viên được thanh toán:

Sheet 22
A1: DANH SÁCH THI VÀ KẾT QUẢ THI IELTS ĐẦU RA
A2: Mã lớp: 22
A3: Đơn vị đào tạo: CÔNG TY CỔ PHẦN TRUNG TÂM ANH NGỮ AMA VINH
A5: TT | B5: Mã HV | C5: HỌ VÀ TÊN | D5: Ho va ten | E5: NĂM SINH | F5: BẬC DẠY | G5: ĐƠN VỊ CÔNG TÁC | H5: PHƯỜNG/XÃ | I5: Số CCCD/ Hộ chiếu | J5: Mã ngạch viên chức | K5: Điểm IELTS đầu vào | L5: Điểm IELTS đầu ra cần đạt | M5: Kết quả thi IELTS đầu ra | R5: KẾT QUẢ (Đạt/Không đạt)
M6: Nghe | N6: Đọc | O6: Viết | P6: Nói | Q6: Điểm IELTS đầu ra
A7: Column1 | B7: Column2 | C7: Column3 | D7: Column4 | E7: Column5 | F7: Column6 | G7: Column7 | H7: Column8 | I7: Column9 | J7: Column10 | K7: Column11 | L7: Column12 | M7: Column13 | N7: Column14 | O7: Column15 | P7: Column16 | Q7: Column17 | R7: Column18
A8: 1 | B8: 421 | C8: Vũ Thị Kim Thanh | D8: VU THI KIM THANH | E8: 1978 | F8: TH | G8: TH Tô Thị Hiển | H8: Phúc Thịnh | I8: =IF(ISBLANK(Merge22!T2), IF(ISBLANK(Merge22!U2), "", Merge22!U2),Merge22!T2& IF(ISBLANK(Merge22!U2), "", "-"&Merge22!U2)) -> 001194006005 | J8: =IF(ISBLANK(Merge22!S2),"",Merge22!S2) -> Giáo viên trung học cơ sở hạng III - V.07.04.32 | K8: 5
A9: 2 | B9: 422 | C9: Nguyễn Thị Hồng Kiểm | D9: NGUYEN THI HONG KIEM | E9: 1977 | F9: TH | G9: TH Cổ Loa | H9: Đông Anh | I9: =IF(ISBLANK(Merge22!T3), IF(ISBLANK(Merge22!U3), "", Merge22!U3),Merge22!T3& IF(ISBLANK(Merge22!U3), "", "-"&Merge22!U3)) -> 001176053581 | J9: =IF(ISBLANK(Merge22!S3),"",Merge22!S3) -> Giáo viên trung học phổ thông hạng III - V.07.05.15 | K9: 5.5
A10: 3 | B10: 423 | C10: Nguyễn Thị Châm | D10: NGUYEN THI CHAM | E10: 1977 | F10: TH | G10: TH Thăng Long | H10: Thiên Lộc | I10: =IF(ISBLANK(Merge22!T4), IF(ISBLANK(Merge22!U4), "", Merge22!U4),Merge22!T4& IF(ISBLANK(Merge22!U4), "", "-"&Merge22!U4)) -> 001180020741 | J10: =IF(ISBLANK(Merge22!S4),"",Merge22!S4) -> Giáo viên tiểu học hạng II – V.07.03.28 | K10: 5.5
A11: 4 | B11: 424 | C11: Đàm Thị Thu Điệp | D11: DAM THI THU DIEP | E11: 1977 | F11: TH | G11: TH Vĩnh Ngọc | H11: Vĩnh Thanh | I11: =IF(ISBLANK(Merge22!T5), IF(ISBLANK(Merge22!U5), "", Merge22!U5),Merge22!T5& IF(ISBLANK(Merge22!U5), "", "-"&Merge22!U5)) -> 001178013783 | J11: =IF(ISBLANK(Merge22!S5),"",Merge22!S5) -> Giáo viên tiểu học hạng III – V.07.03.29 | K11: 5.5
A12: 5 | B12: 425 | C12: Cao Thị Bằng | D12: CAO THI BANG | E12: 1976 | F12: TH | G12: TH Dục Tú | H12: Đông Anh | I12: =IF(ISBLANK(Merge22!T6), IF(ISBLANK(Merge22!U6), "", Merge22!U6),Merge22!T6& IF(ISBLANK(Merge22!U6), "", "-"&Merge22!U6)) -> 001196039158 | J12: =IF(ISBLANK(Merge22!S6),"",Merge22!S6) -> Giáo viên trung học cơ sở hạng III - V.07.04.32 | K12: 5.5
A13: 6 | B13: 426 | C13: Nguyễn Thị Thu Uyên | D13: NGUYEN THI THU UYEN | E13: 1996 | F13: THCS | G13: THCS Cổ Loa | H13: Đông Anh | I13: =IF(ISBLANK(Merge22!T7), IF(ISBLANK(Merge22!U7), "", Merge22!U7),Merge22!T7& IF(ISBLANK(Merge22!U7), "", "-"&Merge22!U7)) -> 001177019255 | J13: =IF(ISBLANK(Merge22!S7),"",Merge22!S7) -> Giáo viên tiểu học hạng III - V07.03.08 | K13: 5.5
A14: 7 | B14: 427 | C14: Lương Thị Hồng Nhung | D14: LUONG THI HONG NHUNG | E14: 1996 | F14: THCS | G14: THCS Mai Lâm | H14: Đông Anh | I14: =IF(ISBLANK(Merge22!T8), IF(ISBLANK(Merge22!U8), "", Merge22!U8),Merge22!T8& IF(ISBLANK(Merge22!U8), "", "-"&Merge22!U8)) -> 001177030526 | J14: =IF(ISBLANK(Merge22!S8),"",Merge22!S8) -> Giáo viên tiểu học hạng II – V.07.03.28 | K14: 5.5
A15: 8 | B15: 428 | C15: Nguyễn Thị Thu Hương | D15: NGUYEN THI THU HUONG | E15: 1994 | F15: THCS | G15: THCS Dục Tú | H15: Đông Anh | I15: =IF(ISBLANK(Merge22!T9), IF(ISBLANK(Merge22!U9), "", Merge22!U9),Merge22!T9& IF(ISBLANK(Merge22!U9), "", "-"&Merge22!U9)) -> 001191025902 | J15: =IF(ISBLANK(Merge22!S9),"",Merge22!S9) -> Giáo viên tiểu học hạng III – V.07.03.29 | K15: 5.5
A16: 9 | B16: 429 | C16: Nguyễn Thị Phương | D16: NGUYEN THI PHUONG | E16: 1976 | F16: THPT | G16: THPT Vân Nội | H16: Phúc Thịnh | I16: =IF(ISBLANK(Merge22!T10), IF(ISBLANK(Merge22!U10), "", Merge22!U10),Merge22!T10& IF(ISBLANK(Merge22!U10), "", "-"&Merge22!U10)) -> 001182042023 | J16: =IF(ISBLANK(Merge22!S10),"",Merge22!S10) -> Giáo viên tiểu học hạng II – V.07.03.28 | K16: 5.5
A17: 10 | B17: 430 | C17: Nguyễn Thị Mai Hương | D17: NGUYEN THI MAI HUONG | E17: 1978 | F17: THPT | G17: THPT Vân Nội | H17: Phúc Thịnh | I17: 1184057507 | J17: Giáo viên trung học cơ sở hạng II - V.07.04.31 | K17: 5.5
A18: 11 | B18: 431 | C18: Phan Thị Nhàn | D18: PHAN THI NHAN | E18: 1984 | F18: THPT | G18: THPT Bắc Thăng Long | H18: Thiên Lộc | I18: 1184006475 | J18: Giáo viên trung học phổ thông hạng III - V.07.05.15 | K18: 5.5
A19: 12 | B19: 432 | C19: Nguyễn Thị Hà | D19: NGUYEN THI HA | E19: 1982 | F19: TH | G19: TH Liên Mạc B | H19: Yên Lãng | I19: 1182042023 | J19: Giáo viên tiểu học hạng II – V.07.03.28 | K19: 5.5
A20: 13 | B20: 433 | C20: Ngô Thị Hồng Gấm | D20: NGO THI HONG GAM | E20: 1985 | F20: TH | G20: TH Văn Khê A | H20: Mê Linh | I20: 1185019297 | J20: Giáo viên tiểu học hạng II – V.07.03.28 | K20: 5.5
A21: 14 | B21: 603 | C21: Nguyễn Thanh Nhàn | D21: NGUYEN THANH NHAN | E21: 1977 | F21: TH | G21: TH Hoàng Hoa Thám | H21: Ngọc Hà | I21: 1177010105 | J21: Giáo viên tiểu học hạng II – V.07.03.28 | K21: 5.5
A22: 15 | B22: 481 | C22: Hoàng Văn Hùng | D22: HOANG VAN HUNG | E22: 1983 | F22: THPT | G22: THPT Ngọc Tảo | H22: Hát Môn | I22: 1083006421 | J22: Giáo viên trung học phổ thông hạng III - V.07.05.15 | K22: 5.5
A23: 16 | B23: 436 | C23: Vũ Thị Minh Thu | D23: VU THI MINH THU | E23: 1982 | F23: TH | G23: TH Đại Thịnh A | H23: Quang Minh | I23: 35182000293 | J23: Giáo viên tiểu học hạng II – V.07.03.28 | K23: 5.5
A24: 17 | B24: 437 | C24: Nguyễn Thị Minh Thảo | D24: NGUYEN THI MINH THAO | E24: 1987 | F24: TH | G24: TH Chi Đông | H24: Quang Minh | I24: 1187022144 | J24: Giáo viên tiểu học hạng III – V.07.03.29 | K24: 5.5
A25: 18 | B25: 438 | C25: Nguyễn Đức Chiến | D25: NGUYEN DUC CHIEN | E25: 1980 | F25: THCS | G25: THCS Văn Khê | H25: Hà Đông | I25: =IF(ISBLANK(Merge22!T19), IF(ISBLANK(Merge22!U19), "", Merge22!U19),Merge22!T19& IF(ISBLANK(Merge22!U19), "", "-"&Merge22!U19)) | J25: =IF(ISBLANK(Merge22!S19),"",Merge22!S19) | K25: 5.5
A26: 19 | B26: 439 | C26: Nguyễn Minh Mẫn | D26: NGUYEN MINH MAN | E26: 1975 | F26: THCS | G26: THCS Tiến Thắng | H26: Tiến Thắng | I26: =IF(ISBLANK(Merge22!T20), IF(ISBLANK(Merge22!U20), "", Merge22!U20),Merge22!T20& IF(ISBLANK(Merge22!U20), "", "-"&Merge22!U20)) | J26: =IF(ISBLANK(Merge22!S20),"",Merge22!S20) | K26: 5.5
A27: 20 | B27: 440 | C27: Nguyễn Thị Thịnh | D27: NGUYEN THI THINH | E27: 1980 | F27: TH | G27: TH Thạch Đà A | H27: Yên Lãng | I27: 1180020741 | J27: Giáo viên tiểu học hạng II – V.07.03.28 | K27: 5
F28: SỞ GIÁO DỤC & ĐÀO TẠO HÀ NỘI | N28: ĐẠI DIỆN ĐƠN VỊ ĐÀO TẠO
A29: Số học viên đã thi và được cấp chứng chỉ:
A30: Số học viên đạt kết quả đầu ra:
A31: Số học viên không đạt kết quả đầu ra:
A32: Số học viên thuộc diện bất khả kháng
A33: Số học viên được thanh toán:

Sheet 23
A1: DANH SÁCH THI VÀ KẾT QUẢ THI IELTS ĐẦU RA
A2: Mã lớp: 23
A3: Đơn vị đào tạo: CÔNG TY CỔ PHẦN TRUNG TÂM ANH NGỮ AMA VINH
A5: TT | B5: Mã HV | C5: HỌ VÀ TÊN | D5: Ha va ten | E5: NĂM SINH | F5: BẬC DẠY | G5: ĐƠN VỊ CÔNG TÁC | H5: PHƯỜNG/XÃ | I5: Số CCCD/ Hộ chiếu | J5: Mã ngạch viên chức | K5: Điểm IELTS đầu vào | L5: Điểm IELTS đầu ra cần đạt | M5: Kết quả thi IELTS đầu ra | R5: KẾT QUẢ (Đạt/Không đạt)
M6: Nghe | N6: Đọc | O6: Viết | P6: Nói | Q6: Điểm IELTS đầu ra
A7: Column1 | B7: Column2 | C7: Column3 | D7: Column4 | E7: Column5 | F7: Column6 | G7: Column7 | H7: Column8 | I7: Column9 | J7: Column10 | K7: Column11 | L7: Column12 | M7: Column13 | N7: Column14 | O7: Column15 | P7: Column16 | Q7: Column17 | R7: Column18
A8: 1 | B8: 441 | C8: Nguyễn Thị Hà | D8: NGUYEN THI HA | E8: 1991 | F8: TH | G8: TH Vân Hà | H8: Thư Lâm | I8: =IF(ISBLANK(Merge23!T2), IF(ISBLANK(Merge23!U2), "", Merge23!U2),Merge23!T2& IF(ISBLANK(Merge23!U2), "", "-"&Merge23!U2)) -> 002178000027 | J8: =IF(ISBLANK(Merge23!S2),"",Merge23!S2) -> Giáo viên trung học phổ thông hạng III - V.07.05.15 | K8: 5
A9: 2 | B9: 442 | C9: Nguyễn Thị Ánh | D9: NGUYEN THI ANH | E9: 1981 | F9: THCS | G9: THCS Phạm Hồng Thái | H9: Yên Lãng | I9: =IF(ISBLANK(Merge23!T3), IF(ISBLANK(Merge23!U3), "", Merge23!U3),Merge23!T3& IF(ISBLANK(Merge23!U3), "", "-"&Merge23!U3)) -> 001176049161 | J9: =IF(ISBLANK(Merge23!S3),"",Merge23!S3) -> Giáo viên trung học phổ thông hạng III - V.07.05.15 | K9: 5.5
A10: 3 | B10: 443 | C10: Lê Thị kim Oanh | D10: LE THI KIM OANH | E10: 1984 | F10: THCS | G10: THCS Liên Mạc | H10: Yên Lãng | I10: =IF(ISBLANK(Merge23!T4), IF(ISBLANK(Merge23!U4), "", Merge23!U4),Merge23!T4& IF(ISBLANK(Merge23!U4), "", "-"&Merge23!U4)) -> 027176002787 | J10: =IF(ISBLANK(Merge23!S4),"",Merge23!S4) -> Giáo viên trung học phổ thông hạng III - V.07.05.15 | K10: 5.5
A11: 4 | B11: 444 | C11: Nguyễn Công Tuấn | D11: NGUYEN CONG TUAN | E11: 1976 | F11: THCS | G11: THCS Tự Lập | H11: Tiến Thắng | I11: =IF(ISBLANK(Merge23!T5), IF(ISBLANK(Merge23!U5), "", Merge23!U5),Merge23!T5& IF(ISBLANK(Merge23!U5), "", "-"&Merge23!U5)) -> 001179028050 | J11: =IF(ISBLANK(Merge23!S5),"",Merge23!S5) -> Giáo viên trung học phổ thông hạng III - V.07.05.15 | K11: 5.5
A12: 5 | B12: 445 | C12: Lê Thị Hải | D12: LE THI HAI | E12: 1984 | F12: TH | G12: TH Hoàng Kim | H12: Yên Lãng | I12: =IF(ISBLANK(Merge23!T6), IF(ISBLANK(Merge23!U6), "", Merge23!U6),Merge23!T6& IF(ISBLANK(Merge23!U6), "", "-"&Merge23!U6)) -> 001076003003 | J12: =IF(ISBLANK(Merge23!S6),"",Merge23!S6) -> Giáo viên trung học cơ sở hạng II - V.07.04.31 | K12: 5.5
A13: 6 | B13: 446 | C13: Nguyễn Thị Hồng Phúc | D13: NGUYEN THI HONG PHUC | E13: 2000 | F13: THCS | G13: Liên Mạc | H13: Thượng Cát | I13: =IF(ISBLANK(Merge23!T7), IF(ISBLANK(Merge23!U7), "", Merge23!U7),Merge23!T7& IF(ISBLANK(Merge23!U7), "", "-"&Merge23!U7)) -> 001078028836 | J13: =IF(ISBLANK(Merge23!S7),"",Merge23!S7) -> Giáo viên trung học cơ sở hạng II - V.07.04.31 | K13: 5.5
A14: 7 | B14: 447 | C14: Đỗ Thị Thanh Thủy | D14: DO THI THANH THUY | E14: 1983 | F14: THCS | G14: THCS Trưng Vương | H14: Quang Minh | I14: =IF(ISBLANK(Merge23!T8), IF(ISBLANK(Merge23!U8), "", Merge23!U8),Merge23!T8& IF(ISBLANK(Merge23!U8), "", "-"&Merge23!U8)) -> 001184035063 | J14: =IF(ISBLANK(Merge23!S8),"",Merge23!S8) -> Giáo viên trung học cơ sở hạng II - V.07.04.31 | K14: 5.5
A15: 8 | B15: 448 | C15: Lê Xuân Hải | D15: LE XUAN HAI | E15: 1978 | F15: THCS | G15: THCS Chu Phan | H15: Mê Linh | I15: =IF(ISBLANK(Merge23!T9), IF(ISBLANK(Merge23!U9), "", Merge23!U9),Merge23!T9& IF(ISBLANK(Merge23!U9), "", "-"&Merge23!U9)) -> 026181006803 | J15: =IF(ISBLANK(Merge23!S9),"",Merge23!S9) -> Giáo viên trung học cơ sở hạng II - V.07.04.31 | K15: 5.5
A16: 9 | B16: 449 | C16: Nguyễn Thị Lệ | D16: NGUYEN THI LE | E16: 1995 | F16: THPT | G16: THPT Sóc Sơn | H16: Sóc Sơn | I16: =IF(ISBLANK(Merge23!T10), IF(ISBLANK(Merge23!U10), "", Merge23!U10),Merge23!T10& IF(ISBLANK(Merge23!U10), "", "-"&Merge23!U10)) -> 001184039143 | J16: =IF(ISBLANK(Merge23!S10),"",Merge23!S10) -> Giáo viên tiểu học hạng III – V.07.03.29 | K16: 5.5
A17: 10 | B17: 450 | C17: Phạm Thị Liên | D17: PHAM THI LIEN | E17: 1985 | F17: THPT | G17: THPT Minh Phú | H17: Kim Anh | I17: =IF(ISBLANK(Merge23!T11), IF(ISBLANK(Merge23!U11), "", Merge23!U11),Merge23!T11& IF(ISBLANK(Merge23!U11), "", "-"&Merge23!U11)) -> 001177046284 | J17: =IF(ISBLANK(Merge23!S11),"",Merge23!S11) -> Giáo viên trung học phổ thông hạng III - V.07.05.15 | K17: 5.5
A18: 11 | B18: 451 | C18: Vũ Thị Hồng Nhung | D18: VU THI HONG NHUNG | E18: 1983 | F18: THPT | G18: THPT Minh Phú | H18: Kim Anh | I18: =IF(ISBLANK(Merge23!T12), IF(ISBLANK(Merge23!U12), "", Merge23!U12),Merge23!T12& IF(ISBLANK(Merge23!U12), "", "-"&Merge23!U12)) -> 001183053186 | J18: =IF(ISBLANK(Merge23!S12),"",Merge23!S12) -> Giáo viên tiểu học hạng III – V.07.03.29 | K18: 5.5
A19: 12 | B19: 452 | C19: Trần Thanh Tùng | D19: TRAN THANH TUNG | E19: 1982 | F19: THPT | G19: THPT Trung Giã | H19: Trung Giã | I19: =IF(ISBLANK(Merge23!T13), IF(ISBLANK(Merge23!U13), "", Merge23!U13),Merge23!T13& IF(ISBLANK(Merge23!U13), "", "-"&Merge23!U13)) -> 001191025902 | J19: =IF(ISBLANK(Merge23!S13),"",Merge23!S13) -> Giáo viên tiểu học hạng III – V.07.03.29 | K19: 5.5
... A23: 16 | B23: 456 | C23: Dương Thị Dung | D23: DUONG THI DUNG | E23: 1976 | F23: THPT | G23: THPT Trung Giã | H23: Trung Giã | I23: =IF(ISBLANK(Merge23!T17), IF(ISBLANK(Merge23!U17), "", Merge23!U17),Merge23!T17& IF(ISBLANK(Merge23!U17), "", "-"&Merge23!U17)) -> 001195004906 | J23: =IF(ISBLANK(Merge23!S17),"",Merge23!S17) -> Giáo viên trung học cơ sở hạng III - V.07.04.32 | K23: 5.5
A24: 17 | B24: 457 | C24: Khổng Việt Hồng | D24: KHONG VIET HONG | E24: 1975 | F24: THPT | G24: THPT Đa Phúc | H24: Sóc Sơn | I24: 1175028245 | J24: Giáo viên trung học phổ thông hạng I - V.07.05.13 | K24: 5.5
A25: 18 | B25: 458 | C25: Vũ Thị Hảo | D25: VU THI HAO | E25: 1995 | F25: THCS | G25: THCS Thanh Xuân | H25: Nội Bài | I25: 1195004906 | J25: Giáo viên trung học cơ sở hạng III - V.07.04.32 | K25: 5.5
A26: 19 | B26: 459 | C26: Nguyễn Thị Huệ | D26: NGUYEN THI HUE | E26: 1975 | F26: THCS | G26: THCS Quang Tiến | H26: Nội Bài | I26: =IF(ISBLANK(Merge23!T20), IF(ISBLANK(Merge23!U20), "", Merge23!U20),Merge23!T20& IF(ISBLANK(Merge23!U20), "", "-"&Merge23!U20)) | J26: =IF(ISBLANK(Merge23!S20),"",Merge23!S20) | K26: 5.5
A27: 20 | B27: 460 | C27: Nguyễn Thị Hồng Yến | D27: NGUYEN THI HONG YEN | E27: 1983 | F27: TH | G27: TH Phú Minh | H27: Nội Bài | I27: 1183053186 | J27: Giáo viên tiểu học hạng III – V.07.03.29 | K27: 5
F28: SỞ GIÁO DỤC & ĐÀO TẠO HÀ NỘI | N28: ĐẠI DIỆN ĐƠN VỊ ĐÀO TẠO
A29: Số học viên đã thi và được cấp chứng chỉ:
A30: Số học viên đạt kết quả đầu ra:
A31: Số học viên không đạt kết quả đầu ra:
A32: Số học viên thuộc diện bất khả kháng
A33: Số học viên được thanh toán:

Sheet 24
A1: DANH SÁCH THI VÀ KẾT QUẢ THI IELTS ĐẦU RA
A2: Mã lớp: 24
A3: Đơn vị đào tạo: CÔNG TY CỔ PHẦN TRUNG TÂM ANH NGỮ AMA VINH
A5: TT | B5: Mã HV | C5: HỌ VÀ TÊN | D5: Ha va ten | E5: NĂM SINH | F5: BẬC DẠY | G5: ĐƠN VỊ CÔNG TÁC | H5: PHƯỜNG/XÃ | I5: Số CCCD/ Hộ chiếu | J5: Mã ngạch viên chức | K5: Điểm IELTS đầu vào | L5: Điểm IELTS đầu ra cần đạt | M5: Kết quả thi IELTS đầu ra | R5: KẾT QUẢ (Đạt/Không đạt)
M6: Nghe | N6: Đọc | O6: Viết | P6: Nói | Q6: Điểm IELTS đầu ra
A7: Column1 | B7: Column2 | C7: Column3 | D7: Column4 | E7: Column5 | F7: Column6 | G7: Column7 | H7: Column8 | I7: Column9 | J7: Column10 | K7: Column11 | L7: Column12 | M7: Column13 | N7: Column14 | O7: Column15 | P7: Column16 | Q7: Column17 | R7: Column18
A8: 1 | B8: 482 | C8: Lê Thị Bích Hường | D8: LE THI BICH HUONG | E8: 1984 | F8: THPT | G8: THPT Tiến Thịnh | H8: Yên Lãng | I8: =IF(ISBLANK(Merge24!T2), IF(ISBLANK(Merge24!U2), "", Merge24!U2),Merge24!T2& IF(ISBLANK(Merge24!U2), "", "-"&Merge24!U2)) -> 001184058569 | J8: =IF(ISBLANK(Merge24!S2),"",Merge24!S2) -> Giáo viên trung học phổ thông hạng II - V.07.05.14 | K8: 5.5
A9: 2 | B9: 462 | C9: Đặng Thị Hà | D9: DANG THI HA | E9: 1977 | F9: THCS | G9: THCS Minh Trí | H9: Kim Anh | I9: =IF(ISBLANK(Merge24!T3), IF(ISBLANK(Merge24!U3), "", Merge24!U3),Merge24!T3& IF(ISBLANK(Merge24!U3), "", "-"&Merge24!U3)) -> 001194006005 | J9: =IF(ISBLANK(Merge24!S3),"",Merge24!S3) -> Giáo viên trung học cơ sở hạng III - V.07.04.32 | K9: 5.5
A10: 3 | B10: 463 | C10: Trần Thị Minh Trang | D10: TRAN THI MINH TRANG | E10: 1989 | F10: TH | G10: TH Hương Đình | H10: Sóc Sơn | I10: =IF(ISBLANK(Merge24!T4), IF(ISBLANK(Merge24!U4), "", Merge24!U4),Merge24!T4& IF(ISBLANK(Merge24!U4), "", "-"&Merge24!U4)) -> 001178003953 | J10: =IF(ISBLANK(Merge24!S4),"",Merge24!S4) -> Giáo viên trung học phổ thông hạng III - V.07.05.15 | K10: 5.5
A11: 4 | B11: 464 | C11: Đoàn Thị Lợi | D11: DOAN THI LOI | E11: 1979 | F11: THCS | G11: THCS Đông Xuân | H11: Sóc Sơn | I11: =IF(ISBLANK(Merge24!T5), IF(ISBLANK(Merge24!U5), "", Merge24!U5),Merge24!T5& IF(ISBLANK(Merge24!U5), "", "-"&Merge24!U5)) -> 001180056849 | J11: =IF(ISBLANK(Merge24!S5),"",Merge24!S5) -> Giáo viên trung học cơ sở hạng III - V.07.04.32 | K11: 5.5
A12: 5 | B12: 465 | C12: Phạm Thị Hà | D12: PHAM THI HA | E12: 1975 | F12: THCS | G12: THCS Tiên Dược | H12: Sóc Sơn | I12: =IF(ISBLANK(Merge24!T6), IF(ISBLANK(Merge24!U6), "", Merge24!U6),Merge24!T6& IF(ISBLANK(Merge24!U6), "", "-"&Merge24!U6)) -> 001186019155 | J12: =IF(ISBLANK(Merge24!S6),"",Merge24!S6) -> Giáo viên trung học phổ thông hạng III - V.07.05.15 | K12: 5.5
A13: 6 | B13: 466 | C13: Trần Thị Phương Thảo | D13: TRAN THI PHUONG THAO | E13: 1988 | F13: THCS | G13: THCS Thị trấn Sóc Sơn | H13: Sóc Sơn | I13: =IF(ISBLANK(Merge24!T7), IF(ISBLANK(Merge24!U7), "", Merge24!U7),Merge24!T7& IF(ISBLANK(Merge24!U7), "", "-"&Merge24!U7)) -> 001184057507 | J13: =IF(ISBLANK(Merge24!S7),"",Merge24!S7) -> Giáo viên trung học cơ sở hạng II - V.07.04.31 | K13: 5.5
A14: 7 | B14: 467 | C14: Võ Thị Thu Hương | D14: VO THI THU HUONG | E14: 1978 | F14: THPT | G14: THPT Đoàn Kết | H14: Bạch Mai | I14: =IF(ISBLANK(Merge24!T8), IF(ISBLANK(Merge24!U8), "", Merge24!U8),Merge24!T8& IF(ISBLANK(Merge24!U8), "", "-"&Merge24!U8)) -> 019177000235 | J14: =IF(ISBLANK(Merge24!S8),"",Merge24!S8) -> Giáo viên trung học cơ sở hạng II - V.07.04.31 | K14: 6
A15: 8 | B15: 468 | C15: Lê Thị Lý Hải | D15: LE THI LY HAI | E15: 1979 | F15: TH | G15: TH Nam Hồng | H15: Phúc Thịnh | I15: =IF(ISBLANK(Merge24!T9), IF(ISBLANK(Merge24!U9), "", Merge24!U9),Merge24!T9& IF(ISBLANK(Merge24!U9), "", "-"&Merge24!U9)) -> 001192033920 | J15: =IF(ISBLANK(Merge24!S9),"",Merge24!S9) -> Giáo viên tiểu học hạng III – V.07.03.29 | K15: 6
A16: 9 | B16: 469 | C16: Nguyễn Hoài Linh | D16: NGUYEN HOAI LINH | E16: 1992 | F16: THCS | G16: THCS Uy Nỗ | H16: Đông Anh | I16: =IF(ISBLANK(Merge24!T10), IF(ISBLANK(Merge24!U10), "", Merge24!U10),Merge24!T10& IF(ISBLANK(Merge24!U10), "", "-"&Merge24!U10)) -> 001179005747 | J16: =IF(ISBLANK(Merge24!S10),"",Merge24!S10) -> Giáo viên trung học cơ sở hạng II - V.07.04.31 | K16: 6
A17: 10 | B17: 470 | C17: Đặng Thị Mai Phương | D17: DANG THI MAI PHUONG | E17: 1984 | F17: THCS | G17: THCS Ngô Quyền | H17: Đông Anh | I17: =IF(ISBLANK(Merge24!T11), IF(ISBLANK(Merge24!U11), "", Merge24!U11),Merge24!T11& IF(ISBLANK(Merge24!U11), "", "-"&Merge24!U11)) -> ‘001179007111 | J17: =IF(ISBLANK(Merge24!S11),"",Merge24!S11) -> Giáo viên tiểu học hạng II – V.07.03.28 | K17: 6
A18: 11 | B18: 471 | C18: Phạm Thị Lành | D18: PHAM THI LANH | E18: 1982 | F18: THCS | G18: THCS Bắc Hồng | H18: Phúc Thịnh | I18: =IF(ISBLANK(Merge24!T12), IF(ISBLANK(Merge24!U12), "", Merge24!U12),Merge24!T12& IF(ISBLANK(Merge24!U12), "", "-"&Merge24!U12)) -> 001179014240 | J18: =IF(ISBLANK(Merge24!S12),"",Merge24!S12) -> Giáo viên trung học phổ thông hạng III - V.07.05.15 | K18: 6
A19: 12 | B19: 472 | C19: Phan Thị Thu Phương | D19: PHAN THI THU PHUONG | E19: 1980 | F19: THCS | G19: THCS Đông Hội | H19: Đông Anh | I19: =IF(ISBLANK(Merge24!T13), IF(ISBLANK(Merge24!U13), "", Merge24!U13),Merge24!T13& IF(ISBLANK(Merge24!U13), "", "-"&Merge24!U13)) -> 001192049535 | J19: =IF(ISBLANK(Merge24!S13),"",Merge24!S13) -> Giáo viên trung học cơ sở hạng III - V.07.04.32 | K19: 6
A20: 13 | B20: 473 | C20: Nguyễn Thị Thu Hương | D20: NGUYEN THI THU HUONG | E20: 1979 | F20: THCS | G20: THCS Nguyễn Huy Tưởng | H20: Đông Anh | I20: =IF(ISBLANK(Merge24!T14), IF(ISBLANK(Merge24!U14), "", Merge24!U14),Merge24!T14& IF(ISBLANK(Merge24!U14), "", "-"&Merge24!U14)) -> 044188000007 | J20: =IF(ISBLANK(Merge24!S14),"",Merge24!S14) -> Giáo viên trung học cơ sở hạng III - V.07.04.32 | K20: 6
A21: 14 | B21: 474 | C21: Nhữ Thị Toàn Năng | D21: NHU THI TOAN NANG | E21: 1977 | F21: THCS | G21: THCS Hải Bối | H21: Vĩnh Thanh | I21: 1177009345 | J21: Giáo viên trung học cơ sở hạng II - V.07.04.31 | K21: 6
A22: 15 | B22: 475 | C22: Lê Thị Thúy Hà | D22: LE THI THUY HA | E22: 1979 | F22: THPT | G22: THPT Liên Hà | H22: Thư Lâm | I22: 1179014240 | J22: Giáo viên trung học phổ thông hạng III - V.07.05.15 | K22: 5.5
A23: 16 | B23: 476 | C23: Bùi Thanh Thủy | D23: BUI THANH THUY | E23: 1978 | F23: THPT | G23: THPT Nguyễn Gia Thiều | H23: Bồ Đề | I23: =IF(ISBLANK(Merge24!T17), IF(ISBLANK(Merge24!U17), "", Merge24!U17),Merge24!T17& IF(ISBLANK(Merge24!U17), "", "-"&Merge24!U17)) | J23: =IF(ISBLANK(Merge24!S17),"",Merge24!S17) | K23: 6
A24: 17 | B24: 477 | C24: Nguyễn Thị Hằng | D24: NGUYEN THI HANG | E24: 1982 | F24: THPT | G24: THPT Đông Anh | H24: Thư Lâm | I24: 1182033283 | J24: Giáo viên trung học phổ thông hạng II - V.07.05.14 | K24: 6
A25: 18 | B25: 478 | C25: Nguyễn Thị Phương Anh | D25: NGUYEN THI PHUONG ANH | E25: 1978 | F25: THPT | G25: THPT Đông Anh | H25: Thư Lâm | I25: 1178003953 | J25: Giáo viên trung học phổ thông hạng III - V.07.05.15 | K25: 6
A26: 19 | B26: 479 | C26: Đinh Thị Hoa | D26: DINH THI HOA | E26: 1992 | F26: TH | G26: TH Tiền Phong A | H26: Mê Linh | I26: 1192033920 | J26: Giáo viên tiểu học hạng III – V.07.03.29 | K26: 6
A27: 20 | B27: 480 | C27: Nguyễn Thị Quỳnh Thu | D27: NGUYEN THI QUYNH THU | E27: 1986 | F27: THPT | G27: THPT Vân Nội | H27: Phúc Thịnh | I27: 1186019155 | J27: Giáo viên trung học phổ thông hạng III - V.07.05.15 | K27: 6
F28: SỞ GIÁO DỤC & ĐÀO TẠO HÀ NỘI | N28: ĐẠI DIỆN ĐƠN VỊ ĐÀO TẠO
A29: Số học viên đã thi và được cấp chứng chỉ:
A30: Số học viên đạt kết quả đầu ra:
A31: Số học viên không đạt kết quả đầu ra:
A32: Số học viên thuộc diện bất khả kháng
A33: Số học viên được thanh toán:

Sheet Summary
A1: DANH SÁCH THI VÀ KẾT QUẢ IELTS ĐẦU RA
A2: DĐơn vị đào tạo: Công ty CP Trung tâm Anh ngữ AMA Vinh
A4: TT | B4: Mã HV | C4: Họ và tên đệm | D4: Tên | E4: Ngày tháng năm | F4: Bậc dạy | G4: Đơn vị công tác | H4: Quận Huyện | I4: Số CCCD/Hộ chiếu | J4: MÃ ngạch viên chức | K4: Mã lớp | L4: GV đào tạo | R4: CC | S4: NXC | T4: STB | U4: CCT
M5: Nghe | N5: Nói | O5: Đọc | P5: Viết | Q5: Overall
B6: =Total!B1 -> 341 | C6: =Total!C1 -> Trần Thị Thu Hiền | E6: =Total!E1 -> 1977 | F6: =Total!F1 -> THPT | G6: =Total!G1 -> Tam Đồng | H6: =Total!H1 -> Phúc Thịnh | I6: =Total!I1 -> 1177043501 | J6: =Total!J1 -> Giáo viên trung học cơ sở hạng II - V.07.04.31
B7: =Total!B2 -> 342 | C7: =Total!C2 -> Nguyễn Thị Thảo | E7: =Total!E2 -> 1976 | F7: =Total!F2 -> THCS | G7: =Total!G2 -> THCS Tam Đồng | H7: =Total!H2 -> Tiến Thắng | I7: =Total!I2 -> 001176040670 | J7: =Total!J2 -> Giáo viên trung học cơ sở hạng II - V.07.04.31
B8: =Total!B3 -> 343 | C8: =Total!C3 -> Bui Mai Lan | E8: =Total!E3 -> 1977 | F8: =Total!F3 -> THCS | G8: =Total!G3 -> THCS Tiến Thắng | H8: =Total!H3 -> Tiến Thắng | I8: =Total!I3 -> 025177005125 | J8: =Total!J3 -> V07.04.11
B9: =Total!B4 -> 344 | C9: =Total!C4 -> Vũ Hùng Quang | E9: =Total!E4 -> 1975 | F9: =Total!F4 -> THCS | G9: =Total!G4 -> THCS Tráng Việt | H9: =Total!H4 -> Mê Linh | I9: =Total!I4 -> 001075011375 | J9: =Total!J4 -> Giáo viên trung học cơ sở hạng II - V.07.04.31
B10: =Total!B5 -> 345 | C10: =Total!C5 -> Phùng Thị Kim Thao | E10: =Total!E5 -> 1977 | F10: =Total!F5 -> THCS | G10: =Total!G5 -> THCS Phạm Hồng Thái | H10: =Total!H5 -> Mê Linh | I10: =Total!I5 -> 001177009537 | J10: =Total!J5 -> Giáo viên trung học cơ sở hạng III - V.07.04.32
B11: =Total!B6 -> 4 | C11: =Total!C6 -> Trần Thị Thanh Tâm | E11: =Total!E6 -> 1983 | F11: =Total!F6 -> TH | G11: =Total!G6 -> TH Xuân Canh | H11: =Total!H6 -> Đông Anh | I11: =Total!I6 -> 026183003026-E032337481 | J11: =Total!J6 -> Giáo viên tiểu học hạng II – V.07.03.28
B12: =Total!B7 -> 347 | C12: =Total!C7 -> Ngô Thị Hồng Dương | E12: =Total!E7 -> 1975 | F12: =Total!F7 -> THCS | G12: =Total!G7 -> THCS Kim Hoa | H12: =Total!H7 -> Quang Minh | I12: =Total!I7 -> 001175030348 | J12: =Total!J7 -> Giáo viên trung học cơ sở hạng II - V.07.04.31
B13: =Total!B8 -> 348 | C13: =Total!C8 -> Ngô Thị Thanh Thuỷ | E13: =Total!E8 -> 1977 | F13: =Total!F8 -> TH | G13: =Total!G8 -> TH Kim Hoa A | H13: =Total!H8 -> Quang Minh | I13: =Total!I8 -> 001177032960 | J13: =Total!J8 -> Giáo viên tiểu học hạng II – V.07.03.28
B14: =Total!B9 -> 349 | C14: =Total!C9 -> Nguyễn Thị Yến | E14: =Total!E9 -> 1975 | F14: =Total!F9 -> THCS | G14: =Total!G9 -> THCS Hồng Kỳ | H14: =Total!H9 -> Trung Giã | I14: =Total!I9 -> 001175014156 | J14: =Total!J9 -> Giáo viên trung học cơ sở hạng II - V.07.04.31
B15: =Total!B10 -> 350 | C15: =Total!C10 -> Nguyễn Thị Hồng Vân | E15: =Total!E10 -> 1976 | F15: =Total!F10 -> THCS | G15: =Total!G10 -> THCS Trung Giã | H15: =Total!H10 -> Trung Giã | I15: =Total!I10 -> 001176048717 | J15: =Total!J10 -> Giáo viên trung học cơ sở hạng III - V.07.04.32
B16: =Total!B11 -> 351 | C16: =Total!C11 -> Nguyễn Thị Mai | E16: =Total!E11 -> 1975 | F16: =Total!F11 -> THCS | G16: =Total!G11 -> THCS Nguyễn Du | H16: =Total!H11 -> Sóc Sơn | I16: =Total!I11 -> 0 | J16: =Total!J11 -> 0
B17: =Total!B12 -> 352 | C17: =Total!C12 -> Vương Thị Hạnh | E17: =Total!E12 -> 1984 | F17: =Total!F12 -> THCS | G17: =Total!G12 -> THCS Tân Minh A | H17: =Total!H12 -> Sóc Sơn | I17: =Total!I12 -> 1184022018 | J17: =Total!J12 -> Giáo viên trung học cơ sở hạng III - V.07.04.32
... B145: =Total!B140 -> 480 | C145: =Total!C140 -> Nguyễn Thị Quỳnh Thu | E145: =Total!E140 -> 1986 | F145: =Total!F140 -> THPT | G145: =Total!G140 -> THPT Vân Nội | H145: =Total!H140 -> Phúc Thịnh | I145: =Total!I140 -> 1186019155 | J145: =Total!J140 -> Giáo viên trung học phổ thông hạng III - V.07.05.15

Sheet Total
A1: 1 | B1: 341 | C1: Trần Thị Thu Hiền | D1: TRAN THI THU HIEN | E1: 1977 | F1: THPT | G1: Tam Đồng | H1: Phúc Thịnh | I1: 1177043501 | J1: Giáo viên trung học cơ sở hạng II - V.07.04.31
A2: 2 | B2: 342 | C2: Nguyễn Thị Thảo | D2: NGUYEN THI THAO | E2: 1976 | F2: THCS | G2: THCS Tam Đồng | H2: Tiến Thắng | I2: 001176040670 | J2: Giáo viên trung học cơ sở hạng II - V.07.04.31
A3: 3 | B3: 343 | C3: Bui Mai Lan | D3: BUI MAI LAN | E3: 1977 | F3: THCS | G3: THCS Tiến Thắng | H3: Tiến Thắng | I3: 025177005125 | J3: V07.04.11
A4: 4 | B4: 344 | C4: Vũ Hùng Quang | D4: VU HUNG QUANG | E4: 1975 | F4: THCS | G4: THCS Tráng Việt | H4: Mê Linh | I4: 001075011375 | J4: Giáo viên trung học cơ sở hạng II - V.07.04.31
A5: 5 | B5: 345 | C5: Phùng Thị Kim Thao | D5: PHUNG THI KIM THAO | E5: 1977 | F5: THCS | G5: THCS Phạm Hồng Thái | H5: Mê Linh | I5: 001177009537 | J5: Giáo viên trung học cơ sở hạng III - V.07.04.32
A6: 6 | B6: 4 | C6: Trần Thị Thanh Tâm | D6: TRAN THI THANH TAM | E6: 1983 | F6: TH | G6: TH Xuân Canh | H6: Đông Anh | I6: 026183003026-E032337481 | J6: Giáo viên tiểu học hạng II – V.07.03.28
A7: 7 | B7: 347 | C7: Ngô Thị Hồng Dương | D7: NGO THI HONG DUONG | E7: 1975 | F7: THCS | G7: THCS Kim Hoa | H7: Quang Minh | I7: 001175030348 | J7: Giáo viên trung học cơ sở hạng II - V.07.04.31
A8: 8 | B8: 348 | C8: Ngô Thị Thanh Thuỷ | D8: NGO THI THANH THUY | E8: 1977 | F8: TH | G8: TH Kim Hoa A | H8: Quang Minh | I8: 001177032960 | J8: Giáo viên tiểu học hạng II – V.07.03.28
A9: 9 | B9: 349 | C9: Nguyễn Thị Yến | D9: NGUYEN THI YEN | E9: 1975 | F9: THCS | G9: THCS Hồng Kỳ | H9: Trung Giã | I9: 001175014156 | J9: Giáo viên trung học cơ sở hạng II - V.07.04.31
A10: 10 | B10: 350 | C10: Nguyễn Thị Hồng Vân | D10: NGUYEN THI HONG VAN | E10: 1976 | F10: THCS | G10: THCS Trung Giã | H10: Trung Giã | I10: 001176048717 | J10: Giáo viên trung học cơ sở hạng III - V.07.04.32
A11: 11 | B11: 351 | C11: Nguyễn Thị Mai | D11: NGUYEN THI MAI | E11: 1975 | F11: THCS | G11: THCS Nguyễn Du | H11: Sóc Sơn
A12: 12 | B12: 352 | C12: Vương Thị Hạnh | D12: VUONG THI HANH | E12: 1984 | F12: THCS | G12: THCS Tân Minh A | H12: Sóc Sơn | I12: 1184022018 | J12: Giáo viên trung học cơ sở hạng III - V.07.04.32
A13: 13 | B13: 353 | C13: Trịnh Thị Lê Hằng | D13: TRINH THI LE HANG | E13: 1976 | F13: THCS | G13: THCS Tân Minh A | H13: Sóc Sơn | I13: 001184022018 | J13: Giáo viên trung học cơ sở hạng III - V.07.04.32
A14: 14 | B14: 354 | C14: Lê Đức Vĩnh | D14: LE DUC VINH | E14: 1974 | F14: THCS | G14: THCS Phù Linh | H14: Sóc Sơn | I14: 1074022571 | J14: Giáo viên trung học cơ sở hạng II - V.07.04.31
A15: 15 | B15: 355 | C15: Lê Thị Duyên | D15: LE THI DUYEN | E15: 1984 | F15: TH | G15: TH Đào Duy Tùng | H15: Đông Anh | I15: 1184030240 | J15: Giáo viên tiểu học hạng III – V.07.03.29
A16: 16 | B16: 356 | C16: Vương Phương Lâm | D16: VUONG PHUONG LAM | E16: 1980 | F16: TH | G16: TH Đại Mạch | H16: Thiên Lộc | I16: 1180014694 | J16: Giáo viên tiểu học hạng III – V.07.03.29
A17: 17 | B17: 357 | C17: Vũ Thị Mẫn | D17: VU THI MAN | E17: 1980 | F17: TH | G17: TH Lê Hữu Tựu | H17: Phúc Thịnh | I17: 1180005662 | J17: Giáo viên tiểu học hạng III – V.07.03.29
A18: 18 | B18: 358 | C18: Nguyễn Thị Bích Loan | D18: NGUYEN THI BICH LOAN | E18: 1977 | F18: TH | G18: TH Hải Bối | H18: Vĩnh Thanh | I18: 001180005662 | J18: Giáo viên tiểu học hạng III – V.07.03.29
A19: 19 | B19: 359 | C19: Nguyễn Tư Vinh | D19: NGUYEN TU VINH | E19: 1977 | F19: THCS | G19: THCS Liên Hà | H19: Thư Lâm | I19: 27177000344 | J19: Giáo viên trung học cơ sở hạng II - V.07.04.31
A20: 20 | B20: 360 | C20: Dương Thị Thanh Hương | D20: DUONG THI THANH HUONG | E20: 1976 | F20: THCS | G20: THCS Liên Hà | H20: Thư Lâm | I20: 1176045858 | J20: Giáo viên trung học cơ sở hạng II - V.07.04.31
A21: 1 | B21: 361 | C21: Phạm Thị Cửu | D21: PHAM THI CUU | E21: 1976 | F21: THCS | G21: THCS Xuân Nộn | H21: Thư Lâm | I21: 001176046134 | J21: Giáo viên trung học cơ sở hạng II - V.07.04.31
A22: 2 | B22: 362 | C22: Hoàng Thu Hằng | D22: HOANG THU HANG | E22: 1975 | F22: THCS | G22: THCS Uy Nỗ | H22: Đông Anh | I22: 001178029456 | J22: Giáo viên trung học phổ thông hạng III - V.07.05.15
A23: 3 | B23: 363 | C23: Ngô Thị Hà | D23: NGO THI HA | E23: 1975 | F23: THCS | G23: THCS Vân Hà | H23: Thư Lâm | I23: 035185004411 | J23: Giáo viên trung học phổ thông hạng II - V.07.05.14
A24: 4 | B24: 364 | C24: Nghiêm Thị Nụ | D24: NGHIEM THI NU | E24: 1984 | F24: THPT | G24: THPT Liên Hà | H24: Thư Lâm | I24: 034178005875 | J24: Giáo viên tiểu học hạng II – V.07.03.28
A25: 5 | B25: 365 | C25: Phạm Thị Thu Thiêm | D25: PHAM THI THU THIEM | E25: 1976 | F25: THPT | G25: THPT Liên Hà | H25: Thư Lâm | I25: 001181004093 | J25: Giáo viên tiểu học hạng II – V.07.03.28
A26: 6 | B26: 366 | C26: Nguyễn Thị Nhung | D26: NGUYEN THI NHUNG | E26: 1978 | F26: THPT | G26: THPT Đông Anh | H26: Thư Lâm | I26: 001178029862 | J26: Giáo viên trung học cơ sở hạng II - V.07.04.31
A27: 7 | B27: 367 | C27: Nguyễn Thế Huệ | D27: NGUYEN THE HUE | E27: 1977 | F27: THPT | G27: THPT Đông Anh | H27: Thư Lâm | I27: 001077040753 | J27: Giáo viên trung học phổ thông hạng III - V.07.05.15
A28: 8 | B28: 368 | C28: Nguyễn Thị Nga | D28: NGUYEN THI NGA | E28: 1985 | F28: THPT | G28: THPT Tiến Thịnh | H28: Yên Lãng | I28: 35185004411 | J28: Giáo viên trung học phổ thông hạng II - V.07.05.14
A29: 9 | B29: 369 | C29: Phùng Thu Hường | D29: PHUNG THU HUONG | E29: 1987 | F29: TH | G29: TH Tự Lập B | H29: Tiến Thắng | I29: 001085037860 | J29: Giáo viên tiểu học hạng IV - V.07.03.09
A30: 10 | B30: 370 | C30: Đoàn Phương Thảo | D30: DOAN PHUONG THAO | E30: 1983 | F30: TH | G30: TH Thanh Lâm B | H30: Quang Minh | I30: 024182000152 | J30: Giáo viên trung học phổ thông hạng III - V.07.05.15
A31: 11 | B31: 371 | C31: Nguyễn Thanh Hà | D31: NGUYEN THANH HA | E31: 1984 | F31: TH | G31: TH Chu Phan | H31: Yên Lãng | I31: 001176046317 | J31: Giáo viên trung học phổ thông hạng III - V.07.05.15
A32: 12 | B32: 372 | C32: Nguyễn Hoài Thanh | D32: NGUYEN HOAI THANH | E32: 1978 | F32: TH | G32: TH Đại Thịnh B | H32: Quang Minh | I32: 001187032876 | J32: Giáo viên tiểu học hạng III – V.07.03.29
A33: 13 | B33: 373 | C33: Nguyễn Văn Bằng | D33: NGUYEN VAN BANG | E33: 1985 | F33: TH | G33: TH Tự Lập A | H33: Tiến Thắng | I33: 001184017736 | J33: Giáo viên trung học phổ thông hạng III - V.07.05.15
A34: 14 | B34: 374 | C34: Lê Thị Loan | D34: LE THI LOAN | E34: 1981 | F34: TH | G34: TH Thạch Đà B | H34: Yên Lãng | I34: 1181004093 | J34: Giáo viên tiểu học hạng II – V.07.03.28
A35: 15 | B35: 375 | C35: Nguyễn Thị Hằng | D35: NGUYEN THI HANG | E35: 1982 | F35: TH | G35: TH Mê Linh | H35: Mê Linh | I35: 987892839 | J35: Giáo viên tiểu học hạng III - V07.03.08
A36: 16 | B36: 376 | C36: Lê Thị Hạnh | D36: LE THI HANH | E36: 1978 | F36: THCS | G36: THCS Tráng Việt | H36: Mê Linh | I36: 1178029862 | J36: Giáo viên trung học cơ sở hạng II - V.07.04.31
A37: 17 | B37: 377 | C37: Nguyễn Thị Thắm | D37: NGUYEN THI THAM | E37: 1978 | F37: THCS | G37: THCS Tiền Phong | H37: Mê Linh | I37: 1178010346 | J37: Giáo viên trung học cơ sở hạng II - V.07.04.31
A38: 18 | B38: 378 | C38: Nguyễn Thu Hường | D38: NGUYEN THU HUONG | E38: 1982 | F38: THCS | G38: THCS Văn Khê | H38: Mê Linh | I38: 26182001327 | J38: Giáo viên trung học cơ sở hạng II - V.07.04.31
A39: 19 | B39: 379 | C39: Nguyễn Văn Dũng | D39: NGUYEN VAN DUNG | E39: 1979 | F39: THCS | G39: THCS Văn Khê | H39: Mê Linh | I39: 1079050226 | J39: Giáo viên trung học cơ sở hạng II - V.07.04.31
A40: 20 | B40: 380 | C40: Nguyễn Thị Tuyết | D40: NGUYEN THI TUYET | E40: 1981 | F40: THCS | G40: THCS Văn Khê | H40: Mê Linh | I40: 1181043471 | J40: Giáo viên trung học cơ sở hạng II - V.07.04.31
A41: 1 | B41: 381 | C41: Trần Thị Bích Hiển | D41: TRAN THI BICH HIEN | E41: 1979 | F41: THCS | G41: THCS Tam Đồng | H41: Tiến Thắng | I41: 001079033488-C510532707 | J41: Giáo viên trung học cơ sở hạng I - V.07.04.30
A42: 2 | B42: 382 | C42: Trần Thị Thu Hằng | D42: TRAN THI THU HANG | E42: 1983 | F42: TH | G42: TH Văn Khê B | H42: Mê Linh | I42: 001176033068 | J42: Giáo viên trung học cơ sở hạng II - V.07.04.31
A43: 3 | B43: 383 | C43: Nguyễn Thị Kim Anh | D43: NGUYEN THI KIM ANH | E43: 1984 | F43: THCS | G43: THCS Tự Lập | H43: Tiến Thắng | I43: 001075010580 | J43: Giáo viên trung học cơ sở hạng II - V.07.04.31
A44: 4 | B44: 384 | C44: Nguyễn Minh Dung | D44: NGUYEN MINH DUNG | E44: 1979 | F44: THCS | G44: THCS Kim Hoa | H44: Quang Minh | I44: ‘001177017369 | J44: Giáo viên trung học cơ sở hạng II - V.07.04.31
A45: 5 | B45: 385 | C45: Nguyễn Văn Khiêm | D45: NGUYEN VAN KHIEM | E45: 1977 | F45: THCS | G45: THCS Chu Phan | H45: Yên Lãng | I45: 001175013832 | J45: Giáo viên trung học cơ sở hạng II - V.07.04.31
A46: 6 | B46: 386 | C46: Nguyễn Thị Hoa | D46: NGUYEN THI HOA | E46: 1996 | F46: TH | G46: TH An Dương | H46: Hồng Hà | I46: 026179008039 | J46: Giáo viên trung học cơ sở hạng II - V.07.04.31
A47: 7 | B47: 387 | C47: Quách Thị Thanh Trà | D47: QUACH THI THANH TRA | E47: 1979 | F47: THPT | G47: THPT Minh Phú | H47: Kim Anh | I47: 001176004956 | J47: Giáo viên trung học phổ thông hạng III - V.07.05.15
A48: 8 | B48: 388 | C48: Lê Thị Dung | D48: LE THI DUNG | E48: 1977 | F48: THPT | G48: THPT Sóc Sơn | H48: Sóc Sơn | I48: 001077024738 | J48: Giáo viên trung học cơ sở hạng II - V.07.04.31
A49: 9 | B49: 389 | C49: Trần Thị Huệ | D49: TRAN THI HUE | E49: 1976 | F49: THPT | G49: THPT Trung Giã | H49: Trung Giã | I49: 001177014103 | J49: Giáo viên trung học phổ thông hạng III - V.07.05.15
A50: 10 | B50: 390 | C50: Nguyễn Ngọc Tuân | D50: NGUYEN NGOC TUAN | E50: 1975 | F50: THPT | G50: THPT Minh Phú | H50: Kim Anh | I50: 001178022441 | J50: Giáo viên trung học cơ sở hạng II - V.07.04.31
A51: 11 | B51: 391 | C51: Đàm Thị Tú Uyên | D51: DAM THI TU UYEN | E51: 1978 | F51: THCS | G51: THCS Phú Minh | H51: Nội Bài | I51: 001179000066 | J51: Giáo viên trung học cơ sở hạng III - V.07.04.32
A52: 12 | B52: 392 | C52: Hoàng Thị Oanh | D52: HOANG THI OANH | E52: 1976 | F52: THCS | G52: THCS Phú Minh | H52: Nội Bài | I52: 001194046711 | J52: Giáo viên trung học cơ sở hạng II - V.07.04.31
... A55: 15 | B55: 395 | C55: Trịnh Thị Thu Hường | D55: TRINH THI THU HUONG | E55: 1975 | F55: THCS | G55: THCS Trung Giã | H55: Trung Giã | I55: 001179047464 | J55: Giáo viên trung học phổ thông hạng III - V.07.05.15
A56: 16 | B56: 739 | C56: Trần Thị Trang | D56: TRAN THI TRANG | E56: 1987 | F56: THPT | G56: THPT Ngọc Tảo | H56: Phúc Thọ | I56: 1187041867 | J56: Giáo viên trung học phổ thông hạng III - V.07.05.15
A57: 17 | B57: 16 | C57: Nguyễn Thu Trang | D57: NGUYEN THU TRANG | E57: 1979 | F57: THCS | G57: THCS Nguyễn Công Trứ | H57: Ba Đình | I57: 1179000066 | J57: Giáo viên trung học cơ sở hạng III - V.07.04.32
A58: 18 | B58: 398 | C58: Nguyễn Thị Bích Ngọc | D58: NGUYEN THI BICH NGOC | E58: 1976 | F58: THCS | G58: THCS Mai Đình | H58: Sóc Sơn | I58: 1176033068 | J58: Giáo viên trung học cơ sở hạng II - V.07.04.31
A59: 19 | B59: 399 | C59: Bùi Thị Mai Thanh | D59: BUI THI MAI THANH | E59: 1975 | F59: THCS | G59: THCS Nguyễn Du | H59: Sóc Sơn | I59: 1175032774 | J59: Giáo viên trung học cơ sở hạng II - V.07.04.31
A60: 20 | B60: 400 | C60: Trần Thị Tâm | D60: TRAN THI TAM | E60: 1978 | F60: THCS | G60: THCS Tiên Dược | H60: Sóc Sơn | I60: 1178001577 | J60: Giáo viên trung học cơ sở hạng II - V.07.04.31
A61: 1 | B61: 401 | C61: Trần Mai Hương | D61: TRAN MAI HUONG | E61: 1975 | F61: THCS | G61: THCS Phù Linh | H61: Sóc Sơn | I61: 001174036478 | J61: Giáo viên trung học cơ sở hạng II - V.07.04.31
A62: 2 | B62: 402 | C62: Phạm Thị Mai Phúc | D62: PHAM THI MAI PHUC | E62: 1976 | F62: THCS | G62: THCS Phù Linh | H62: Phù Linh | I62: 001077036817 | J62: Giáo viên trung học cơ sở hạng II - V.07.04.31
A63: 3 | B63: 403 | C63: Nguyễn Thị Hoà | D63: NGUYEN THI HOA | E63: 1994 | F63: THCS | G63: THCS Vân Hà | H63: Thư Lâm | I63: 001175023937 | J63: Giáo viên trung học cơ sở hạng II - V.07.04.31
A64: 4 | B64: 404 | C64: Nguyễn Thị Huệ | D64: NGUYEN THI HUE | E64: 1979 | F64: THCS | G64: THCS Dục Tú | H64: Đông Anh | I64: 001194006005 | J64: Giáo viên trung học cơ sở hạng III - V.07.04.32
A65: 5 | B65: 405 | C65: Lê Anh Tuấn | D65: LE ANH TUAN | E65: 1979 | F65: THCS | G65: THCS Đông Thái | H65: Tây Hồ | I65: 008179000026 | J65: Giáo viên trung học cơ sở hạng II - V.07.04.31
A66: 6 | B66: 406 | C66: Đào Thị Thúy Hà | D66: DAO THI THUY HA | E66: 1979 | F66: THCS | G66: THCS Vĩnh Ngọc | H66: Vĩnh Thanh | I66: 001079024981 | J66: Giáo viên trung học cơ sở hạng II - V.07.04.31
A67: 7 | B67: 407 | C67: Nguyễn Thị Lan Anh | D67: NGUYEN THI LAN ANH | E67: 1978 | F67: THCS | G67: THCS Đông Hội | H67: Đông Anh | I67: 001184039143 | J67: Giáo viên tiểu học hạng III – V.07.03.29
A68: 8 | B68: 408 | C68: Nguyễn Ngọc Quân | D68: NGUYEN NGOC QUAN | E68: 1974 | F68: THCS | G68: THCS Thụy Lâm | H68: Phúc Thịnh | I68: 001177046284 | J68: Giáo viên trung học phổ thông hạng III - V.07.05.15
A69: 9 | B69: 409 | C69: Ngô Văn Việt | D69: NGO VAN VIET | E69: 1977 | F69: THCS | G69: THCS An Dương Vương | H69: Đông Anh | I69: 001180044201 | J69: Giáo viên tiểu học hạng III – V.07.03.29
A70: 10 | B70: 410 | C70: Lê Thị Hương | D70: LE THI HUONG | E70: 1976 | F70: THCS | G70: THCS Kim Chung | H70: Thiên Lộc | I70: 001178021999 | J70: Giáo viên trung học cơ sở hạng II - V.07.04.31
A71: 11 | B71: 411 | C71: Phạm Thị Chính | D71: PHAM THI CHINH | E71: 1975 | F71: THCS | G71: THCS Cổ Loa | H71: Đông Anh | I71: 001194046711 | J71: Giáo viên trung học cơ sở hạng II - V.07.04.31
A72: 12 | B72: 412 | C72: Lê Thị Mai Lan | D72: LE THI MAI LAN | E72: 1974 | F72: THCS | G72: THCS Tiên Dương | H72: Đông Anh | I72: 001196039783 | J72: Giáo viên tiểu học hạng III – V.07.03.29
A73: 13 | B73: 413 | C73: Phạm Thị Cúc | D73: PHAM THI CUC | E73: 1989 | F73: THPT | G73: THPT Cổ Loa | H73: Đông Anh | I73: 001189011826 | J73: Giáo viên trung học phổ thông hạng III - V.07.05.15
A74: 14 | B74: 414 | C74: Chử Thị Thu Trang | D74: CHU THI THU TRANG | E74: 1978 | F74: THPT | G74: THPT Cổ Loa | H74: Đông Anh | I74: 1178002480 | J74: Giáo viên trung học phổ thông hạng III - V.07.05.15
A75: 15 | B75: 415 | C75: Lê Thị Hải | D75: LE THI HAI | E75: 1977 | F75: THPT | G75: THPT Liên Hà | H75: Thư Lâm | I75: 1184039143 | J75: Giáo viên tiểu học hạng III – V.07.03.29
A76: 16 | B76: 416 | C76: Nguyễn Thị Thu Hương | D76: NGUYEN THI THU HUONG | E76: 1976 | F76: THPT | G76: THPT Liên Hà | H76: Thư Lâm | I76: 27176011754 | J76: Giáo viên trung học phổ thông hạng III - V.07.05.15
A77: 17 | B77: 417 | C77: Phạm Quỳnh Liên | D77: PHAM QUYNH LIEN | E77: 1996 | F77: TH | G77: TH Võng La | H77: Thiên Lộc | I77: 1196039783 | J77: Giáo viên tiểu học hạng III – V.07.03.29
A78: 18 | B78: 418 | C78: Dương Thị Thu Phương | D78: DUONG THI THU PHUONG | E78: 1993 | F78: TH | G78: TH Thị Trấn | H78: Thư Lâm | I78: 1193046294 | J78: Giáo viên tiểu học hạng III – V.07.03.29
A79: 19 | B79: 419 | C79: Nguyễn Thị Hồng Huệ | D79: NGUYEN THI HONG HUE | E79: 1980 | F79: TH | G79: TH Kim Nỗ | H79: Thiên Lộc | I79: 1180044201 | J79: Giáo viên tiểu học hạng III – V.07.03.29
A80: 20 | B80: 420 | C80: Nguyễn Thị Minh Hiển | D80: NGUYEN THI MINH HIEN | E80: 1979 | F80: TH | G80: TH Võng La | H80: Thiên Lộc | I80: 1179003519 | J80: Giáo viên tiểu học hạng II – V.07.03.28
A81: 1 | B81: 421 | C81: Vũ Thị Kim Thanh | D81: VU THI KIM THANH | E81: 1978 | F81: TH | G81: TH Tô Thị Hiển | H81: Phúc Thịnh | I81: 001194006005 | J81: Giáo viên trung học cơ sở hạng III - V.07.04.32
A82: 2 | B82: 422 | C82: Nguyễn Thị Hồng Kiểm | D82: NGUYEN THI HONG KIEM | E82: 1977 | F82: TH | G82: TH Cổ Loa | H82: Đông Anh | I82: 001176053581 | J82: Giáo viên trung học phổ thông hạng III - V.07.05.15
A83: 3 | B83: 423 | C83: Nguyễn Thị Châm | D83: NGUYEN THI CHAM | E83: 1977 | F83: TH | G83: TH Thăng Long | H83: Thiên Lộc | I83: 001180020741 | J83: Giáo viên tiểu học hạng II – V.07.03.28
A84: 4 | B84: 424 | C84: Đàm Thị Thu Điệp | D84: DAM THI THU DIEP | E84: 1977 | F84: TH | G84: TH Vĩnh Ngọc | H84: Vĩnh Thanh | I84: 001178013783 | J84: Giáo viên tiểu học hạng III – V.07.03.29
A85: 5 | B85: 425 | C85: Cao Thị Bằng | D85: CAO THI BANG | E85: 1976 | F85: TH | G85: TH Dục Tú | H85: Đông Anh | I85: 001196039158 | J85: Giáo viên trung học cơ sở hạng III - V.07.04.32
A86: 6 | B86: 426 | C86: Nguyễn Thị Thu Uyên | D86: NGUYEN THI THU UYEN | E86: 1996 | F86: THCS | G86: THCS Cổ Loa | H86: Đông Anh | I86: 001177019255 | J86: Giáo viên tiểu học hạng III - V07.03.08
A87: 7 | B87: 427 | C87: Lương Thị Hồng Nhung | D87: LUONG THI HONG NHUNG | E87: 1996 | F87: THCS | G87: THCS Mai Lâm | H87: Đông Anh | I87: 001177030526 | J87: Giáo viên tiểu học hạng II – V.07.03.28
A88: 8 | B88: 428 | C88: Nguyễn Thị Thu Hương | D88: NGUYEN THI THU HUONG | E88: 1994 | F88: THCS | G88: THCS Dục Tú | H88: Đông Anh | I88: 001191025902 | J88: Giáo viên tiểu học hạng III – V.07.03.29
A89: 9 | B89: 429 | C89: Nguyễn Thị Phương | D89: NGUYEN THI PHUONG | E89: 1976 | F89: THPT | G89: THPT Vân Nội | H89: Phúc Thịnh | I89: 001182042023 | J89: Giáo viên tiểu học hạng II – V.07.03.28
A90: 10 | B90: 430 | C90: Nguyễn Thị Mai Hương | D90: NGUYEN THI MAI HUONG | E90: 1978 | F90: THPT | G90: THPT Vân Nội | H90: Phúc Thịnh | I90: 1184057507 | J90: Giáo viên trung học cơ sở hạng II - V.07.04.31
A91: 11 | B91: 431 | C91: Phan Thị Nhàn | D91: PHAN THI NHAN | E91: 1984 | F91: THPT | G91: THPT Bắc Thăng Long | H91: Thiên Lộc | I91: 1184006475 | J91: Giáo viên trung học phổ thông hạng III - V.07.05.15
A92: 12 | B92: 432 | C92: Nguyễn Thị Hà | D92: NGUYEN THI HA | E92: 1982 | F92: TH | G92: TH Liên Mạc B | H92: Yên Lãng | I92: 1182042023 | J92: Giáo viên tiểu học hạng II – V.07.03.28
A93: 13 | B93: 433 | C93: Ngô Thị Hồng Gấm | D93: NGO THI HONG GAM | E93: 1985 | F93: TH | G93: TH Văn Khê A | H93: Mê Linh | I93: 1185019297 | J93: Giáo viên tiểu học hạng II – V.07.03.28
A94: 14 | B94: 603 | C94: Nguyễn Thanh Nhàn | D94: NGUYEN THANH NHAN | E94: 1977 | F94: TH | G94: TH Hoàng Hoa Thám | H94: Ngọc Hà | I94: 1177010105 | J94: Giáo viên tiểu học hạng II – V.07.03.28
A95: 15 | B95: 481 | C95: Hoàng Văn Hùng | D95: HOANG VAN HUNG | E95: 1983 | F95: THPT | G95: THPT Ngọc Tảo | H95: Hát Môn | I95: 1083006421 | J95: Giáo viên trung học phổ thông hạng III - V.07.05.15
A96: 16 | B96: 436 | C96: Vũ Thị Minh Thu | D96: VU THI MINH THU | E96: 1982 | F96: TH | G96: TH Đại Thịnh A | H96: Quang Minh | I96: 35182000293 | J96: Giáo viên tiểu học hạng II – V.07.03.28
A97: 17 | B97: 437 | C97: Nguyễn Thị Minh Thảo | D97: NGUYEN THI MINH THAO | E97: 1987 | F97: TH | G97: TH Chi Đông | H97: Quang Minh | I97: 1187022144 | J97: Giáo viên tiểu học hạng III – V.07.03.29
A98: 18 | B98: 438 | C98: Nguyễn Đức Chiến | D98: NGUYEN DUC CHIEN | E98: 1980 | F98: THCS | G98: THCS Văn Khê | H98: Hà Đông
A99: 19 | B99: 439 | C99: Nguyễn Minh Mẫn | D99: NGUYEN MINH MAN | E99: 1975 | F99: THCS | G99: THCS Tiến Thắng | H99: Tiến Thắng
A100: 20 | B100: 440 | C100: Nguyễn Thị Thịnh | D100: NGUYEN THI THINH | E100: 1980 | F100: TH | G100: TH Thạch Đà A | H100: Yên Lãng | I100: 1180020741 | J100: Giáo viên tiểu học hạng II – V.07.03.28
A101: 1 | B101: 441 | C101: Nguyễn Thị Hà | D101: NGUYEN THI HA | E101: 1991 | F101: TH | G101: TH Vân Hà | H101: Thư Lâm | I101: 002178000027 | J101: Giáo viên trung học phổ thông hạng III - V.07.05.15
A102: 2 | B102: 442 | C102: Nguyễn Thị Ánh | D102: NGUYEN THI ANH | E102: 1981 | F102: THCS | G102: THCS Phạm Hồng Thái | H102: Yên Lãng | I102: 001176049161 | J102: Giáo viên trung học phổ thông hạng III - V.07.05.15
...

Sheet Final
A1: DANH SÁCH THI VÀ KẾT QUẢ IELTS ĐẦU RA
A2: DĐơn vị đào tạo: Công ty CP Trung tâm Anh ngữ AMA Vinh
A4: TT | B4: Mã HV | C4: Họ và tên đệm | E4: Tên | F4: Ngày tháng năm | G4: Bậc dạy | H4: Đơn vị công tác | I4: Quận Huyện | J4: Số CCCD/Hộ chiếu | K4: MÃ ngạch viên chức | L4: Mã lớp | M4: GV đào tạo | S4: CC | T4: NXC | U4: STB | V4: CCT
N5: Nghe | O5: Nói | P5: Đọc | Q5: Viết | R5: Overall
A6: 1 | B6: Column1 | C6: Column2 | D6: Column22 | E6: Column3 | F6: Column4 | G6: Column5 | H6: Column6 | I6: Column7 | J6: Column8 | K6: Column9 | L6: Column10 | M6: Column11 | N6: Column12 | O6: Column13 | P6: Column14 | Q6: Column15 | R6: Column16 | S6: Column17 | T6: Column18 | U6: Column19 | V6: Column20
A7: 2 | B7: 341 | C7: Trần Thị Thu Hiền | D7: TRAN THI THU HIEN | E7: Hiền | F7: 1977 | G7: THPT | H7: Tam Đồng | I7: Phúc Thịnh | J7: 1177043501 | K7: Giáo viên trung học cơ sở hạng II - V.07.04.31 | L7: =ROUNDUP(IF(A6<=20, 18,IF(A6<=40, 19,MIN(24, 19 + (A6-40)/20))),0) -> 18 | N7: =Result!W2 -> 2 | O7: =Result!Z2 -> 4 | P7: =Result!X2 -> 4 | Q7: =Result!Y2 -> 4 | R7: =Result!V2 -> 3.5
A8: 3 | B8: 342 | C8: Nguyễn Thị Thảo | D8: NGUYEN THI THAO | E8: Thảo | F8: 1976 | G8: THCS | H8: THCS Tam Đồng | I8: Tiến Thắng | J8: 001176040670 | K8: Giáo viên trung học cơ sở hạng II - V.07.04.31 | L8: =ROUNDUP(IF(A7<=20, 18,IF(A7<=40, 19,MIN(24, 19 + (A7-40)/20))),0) -> 18 | N8: =Result!W3 -> 2 | O8: =Result!Z3 -> 3.5 | P8: =Result!X3 -> 4 | Q8: =Result!Y3 -> 4 | R8: =Result!V3 -> 3.5
A9: 4 | B9: 343 | C9: Bui Mai Lan | D9: BUI MAI LAN | E9: Lan | F9: 1977 | G9: THCS | H9: THCS Tiến Thắng | I9: Tiến Thắng | J9: 025177005125 | K9: V07.04.11 | L9: =ROUNDUP(IF(A8<=20, 18,IF(A8<=40, 19,MIN(24, 19 + (A8-40)/20))),0) -> 18 | N9: =Result!W4 -> 3.5 | O9: =Result!Z4 -> 4 | P9: =Result!X4 -> 4.5 | Q9: =Result!Y4 -> 5 | R9: =Result!V4 -> 4.5
A10: 5 | B10: 344 | C10: Vũ Hùng Quang | D10: VU HUNG QUANG | E10: Quang | F10: 1975 | G10: THCS | H10: THCS Tráng Việt | I10: Mê Linh | J10: 001075011375 | K10: Giáo viên trung học cơ sở hạng II - V.07.04.31 | L10: =ROUNDUP(IF(A9<=20, 18,IF(A9<=40, 19,MIN(24, 19 + (A9-40)/20))),0) -> 18 | N10: =Result!W5 -> 3.5 | O10: =Result!Z5 -> 4 | P10: =Result!X5 -> 4.5 | Q10: =Result!Y5 -> 3.5 | R10: =Result!V5 -> 4
A11: 6 | B11: 345 | C11: Phùng Thị Kim Thao | D11: PHUNG THI KIM THAO | E11: Thao | F11: 1977 | G11: THCS | H11: THCS Phạm Hồng Thái | I11: Mê Linh | J11: 001177009537 | K11: Giáo viên trung học cơ sở hạng III - V.07.04.32 | L11: =ROUNDUP(IF(A10<=20, 18,IF(A10<=40, 19,MIN(24, 19 + (A10-40)/20))),0) -> 18 | N11: =Result!W6 -> 2 | O11: =Result!Z6 -> 4 | P11: =Result!X6 -> 4.5 | Q11: =Result!Y6 -> 4 | R11: =Result!V6 -> 3.5
A12: 7 | B12: 4 | C12: Trần Thị Thanh Tâm | D12: TRAN THI THANH TAM | E12: Tâm | F12: 1983 | G12: TH | H12: TH Xuân Canh | I12: Đông Anh | J12: 026183003026-E032337481 | K12: Giáo viên tiểu học hạng II – V.07.03.28 | L12: =ROUNDUP(IF(A11<=20, 18,IF(A11<=40, 19,MIN(24, 19 + (A11-40)/20))),0) -> 18 | N12: =Result!W7 -> 3 | O12: =Result!Z7 -> 4.5 | P12: =Result!X7 -> 5.5 | Q12: =Result!Y7 -> 5.5 | R12: =Result!V7 -> 4.5
A13: 8 | B13: 347 | C13: Ngô Thị Hồng Dương | D13: NGO THI HONG DUONG | E13: Dương | F13: 1975 | G13: THCS | H13: THCS Kim Hoa | I13: Quang Minh | J13: 001175030348 | K13: Giáo viên trung học cơ sở hạng II - V.07.04.31 | L13: =ROUNDUP(IF(A12<=20, 18,IF(A12<=40, 19,MIN(24, 19 + (A12-40)/20))),0) -> 18 | N13: =Result!W8 -> 3.5 | O13: =Result!Z8 -> 3.5 | P13: =Result!X8 -> 4.5 | Q13: =Result!Y8 -> 5 | R13: =Result!V8 -> 4
A14: 9 | B14: 348 | C14: Ngô Thị Thanh Thuỷ | D14: NGO THI THANH THUY | E14: Thuỷ | F14: 1977 | G14: TH | H14: TH Kim Hoa A | I14: Quang Minh | J14: 001177032960 | K14: Giáo viên tiểu học hạng II – V.07.03.28 | L14: =ROUNDUP(IF(A13<=20, 18,IF(A13<=40, 19,MIN(24, 19 + (A13-40)/20))),0) -> 18 | N14: =Result!W9 -> 4 | O14: =Result!Z9 -> 4 | P14: =Result!X9 -> 5 | Q14: =Result!Y9 -> 6 | R14: =Result!V9 -> 5
A15: 10 | B15: 349 | C15: Nguyễn Thị Yến | D15: NGUYEN THI YEN | E15: Yến | F15: 1975 | G15: THCS | H15: THCS Hồng Kỳ | I15: Trung Giã | J15: 001175014156 | K15: Giáo viên trung học cơ sở hạng II - V.07.04.31 | L15: =ROUNDUP(IF(A14<=20, 18,IF(A14<=40, 19,MIN(24, 19 + (A14-40)/20))),0) -> 18 | N15: =Result!W10 -> 3.5 | O15: =Result!Z10 -> 4.5 | P15: =Result!X10 -> 4 | Q15: =Result!Y10 -> 6 | R15: =Result!V10 -> 4.5
A16: 11 | B16: 350 | C16: Nguyễn Thị Hồng Vân | D16: NGUYEN THI HONG VAN | E16: Vân | F16: 1976 | G16: THCS | H16: THCS Trung Giã | I16: Trung Giã | J16: 001176048717 | K16: Giáo viên trung học cơ sở hạng III - V.07.04.32 | L16: =ROUNDUP(IF(A15<=20, 18,IF(A15<=40, 19,MIN(24, 19 + (A15-40)/20))),0) -> 18 | N16: =Result!W11 -> 2 | O16: =Result!Z11 -> 5 | P16: =Result!X11 -> 5 | Q16: =Result!Y11 -> 6 | R16: =Result!V11 -> 4.5
A17: 12 | B17: 351 | C17: Nguyễn Thị Mai | D17: NGUYEN THI MAI | E17: Mai | F17: 1975 | G17: THCS | H17: THCS Nguyễn Du | I17: Sóc Sơn | J17: 0 | K17: 0 | L17: =ROUNDUP(IF(A16<=20, 18,IF(A16<=40, 19,MIN(24, 19 + (A16-40)/20))),0) -> 18 | N17: =Result!W12 -> 3 | O17: =Result!Z12 -> 4.5 | P17: =Result!X12 -> 4.5 | Q17: =Result!Y12 -> 5.5 | R17: =Result!V12 -> 4.5
A18: 13 | B18: 352 | C18: Vương Thị Hạnh | D18: VUONG THI HANH | E18: Hạnh | F18: 1984 | G18: THCS | H18: THCS Tân Minh A | I18: Sóc Sơn | J18: 1184022018 | K18: Giáo viên trung học cơ sở hạng III - V.07.04.32 | L18: =ROUNDUP(IF(A17<=20, 18,IF(A17<=40, 19,MIN(24, 19 + (A17-40)/20))),0) -> 18 | N18: =Result!W13 -> 3 | O18: =Result!Z13 -> 4.5 | P18: =Result!X13 -> 4.5 | Q18: =Result!Y13 -> 5.5 | R18: =Result!V13 -> 4.5
A19: 14 | B19: 353 | C19: Trịnh Thị Lê Hằng | D19: TRINH THI LE HANG | E19: Hằng | F19: 1976 | G19: THCS | H19: THCS Tân Minh A | I19: Sóc Sơn | J19: 001184022018 | K19: Giáo viên trung học cơ sở hạng III - V.07.04.32 | L19: =ROUNDUP(IF(A18<=20, 18,IF(A18<=40, 19,MIN(24, 19 + (A18-40)/20))),0) -> 18 | N19: =Result!W14 -> 4 | O19: =Result!Z14 -> 4 | P19: =Result!X14 -> 3.5 | Q19: =Result!Y14 -> 5 | R19: =Result!V14 -> 4
A20: 15 | B20: 354 | C20: Lê Đức Vĩnh | D20: LE DUC VINH | E20: Vĩnh | F20: 1974 | G20: THCS | H20: THCS Phù Linh | I20: Sóc Sơn | J20: 1074022571 | K20: Giáo viên trung học cơ sở hạng II - V.07.04.31 | L20: =ROUNDUP(IF(A19<=20, 18,IF(A19<=40, 19,MIN(24, 19 + (A19-40)/20))),0) -> 18 | N20: =Result!W15 -> 3.5 | O20: =Result!Z15 -> 5 | P20: =Result!X15 -> 4.5 | Q20: =Result!Y15 -> 5.5 | R20: =Result!V15 -> 4.5
A21: 16 | B21: 355 | C21: Lê Thị Duyên | D21: LE THI DUYEN | E21: Duyên | F21: 1984 | G21: TH | H21: TH Đào Duy Tùng | I21: Đông Anh | J21: 1184030240 | K21: Giáo viên tiểu học hạng III – V.07.03.29 | L21: =ROUNDUP(IF(A20<=20, 18,IF(A20<=40, 19,MIN(24, 19 + (A20-40)/20))),0) -> 18 | N21: =Result!W16 -> 0 | O21: =Result!Z16 -> 0 | P21: =Result!X16 -> 0 | Q21: =Result!Y16 -> 0 | R21: =Result!V16 -> 0
A22: 17 | B22: 356 | C22: Vương Phương Lâm | D22: VUONG PHUONG LAM | E22: Lâm | F22: 1980 | G22: TH | H22: TH Đại Mạch | I22: Thiên Lộc | J22: 1180014694 | K22: Giáo viên tiểu học hạng III – V.07.03.29 | L22: =ROUNDUP(IF(A21<=20, 18,IF(A21<=40, 19,MIN(24, 19 + (A21-40)/20))),0) -> 18 | N22: =Result!W17 -> 2 | O22: =Result!Z17 -> 4 | P22: =Result!X17 -> 5 | Q22: =Result!Y17 -> 5.5 | R22: =Result!V17 -> 4
A23: 18 | B23: 357 | C23: Vũ Thị Mẫn | D23: VU THI MAN | E23: Mẫn | F23: 1980 | G23: TH | H23: TH Lê Hữu Tựu | I23: Phúc Thịnh | J23: 1180005662 | K23: Giáo viên tiểu học hạng III – V.07.03.29 | L23: =ROUNDUP(IF(A22<=20, 18,IF(A22<=40, 19,MIN(24, 19 + (A22-40)/20))),0) -> 18 | N23: =Result!W18 -> 0 | O23: =Result!Z18 -> 0 | P23: =Result!X18 -> 0 | Q23: =Result!Y18 -> 0 | R23: =Result!V18 -> 0
A24: 19 | B24: 358 | C24: Nguyễn Thị Bích Loan | D24: NGUYEN THI BICH LOAN | E24: Loan | F24: 1977 | G24: TH | H24: TH Hải Bối | I24: Vĩnh Thanh | J24: 001180005662 | K24: Giáo viên tiểu học hạng III – V.07.03.29 | L24: =ROUNDUP(IF(A23<=20, 18,IF(A23<=40, 19,MIN(24, 19 + (A23-40)/20))),0) -> 18 | N24: =Result!W19 -> 0 | O24: =Result!Z19 -> 0 | P24: =Result!X19 -> 0 | Q24: =Result!Y19 -> 0 | R24: =Result!V19 -> 0
A25: 20 | B25: 359 | C25: Nguyễn Tư Vinh | D25: NGUYEN TU VINH | E25: Vinh | F25: 1977 | G25: THCS | H25: THCS Liên Hà | I25: Thư Lâm | J25: 27177000344 | K25: Giáo viên trung học cơ sở hạng II - V.07.04.31 | L25: =ROUNDUP(IF(A24<=20, 18,IF(A24<=40, 19,MIN(24, 19 + (A24-40)/20))),0) -> 18 | N25: =Result!W20 -> 3.5 | O25: =Result!Z20 -> 4 | P25: =Result!X20 -> 5 | Q25: =Result!Y20 -> 5.5 | R25: =Result!V20 -> 4.5
A26: 21 | B26: 360 | C26: Dương Thị Thanh Hương | D26: DUONG THI THANH HUONG | E26: Hương | F26: 1976 | G26: THCS | H26: THCS Liên Hà | I26: Thư Lâm | J26: 1176045858 | K26: Giáo viên trung học cơ sở hạng II - V.07.04.31 | L26: =ROUNDUP(IF(A25<=20, 18,IF(A25<=40, 19,MIN(24, 19 + (A25-40)/20))),0) -> 18 | N26: =Result!W21 -> 0 | O26: =Result!Z21 -> 0 | P26: =Result!X21 -> 0 | Q26: =Result!Y21 -> 0 | R26: =Result!V21 -> 0
A27: 22 | B27: 361 | C27: Phạm Thị Cửu | D27: PHAM THI CUU | E27: Cửu | F27: 1976 | G27: THCS | H27: THCS Xuân Nộn | I27: Thư Lâm | J27: 001176046134 | K27: Giáo viên trung học cơ sở hạng II - V.07.04.31 | L27: =ROUNDUP(IF(A26<=20, 18,IF(A26<=40, 19,MIN(24, 19 + (A26-40)/20))),0) -> 19 | N27: =Result!W22 -> 0 | O27: =Result!Z22 -> 0 | P27: =Result!X22 -> 0 | Q27: =Result!Y22 -> 0 | R27: =Result!V22 -> 0
A28: 23 | B28: 362 | C28: Hoàng Thu Hằng | D28: HOANG THU HANG | E28: Hằng | F28: 1975 | G28: THCS | H28: THCS Uy Nỗ | I28: Đông Anh | J28: 001178029456 | K28: Giáo viên trung học phổ thông hạng III - V.07.05.15 | L28: =ROUNDUP(IF(A27<=20, 18,IF(A27<=40, 19,MIN(24, 19 + (A27-40)/20))),0) -> 19 | N28: =Result!W23 -> 0 | O28: =Result!Z23 -> 0 | P28: =Result!X23 -> 0 | Q28: =Result!Y23 -> 0 | R28: =Result!V23 -> 0
A29: 24 | B29: 363 | C29: Ngô Thị Hà | D29: NGO THỊ HÀ | E29: Hà | F29: 1975 | G29: THCS | H29: THCS Vân Hà | I29: Thư Lâm | J29: 035185004411 | K29: Giáo viên trung học phổ thông hạng II - V.07.05.14 | L29: =ROUNDUP(IF(A28<=20, 18,IF(A28<=40, 19,MIN(24, 19 + (A28-40)/20))),0) -> 19 | N29: =Result!W24 -> 0 | O29: =Result!Z24 -> 0 | P29: =Result!X24 -> 0 | Q29: =Result!Y24 -> 0 | R29: =Result!V24 -> 0
A30: 25 | B30: 364 | C30: Nghiêm Thị Nụ | D30: NGHIEM THỊ NỤ | E30: Nụ | F30: 1984 | G30: THPT | H30: THPT Liên Hà | I30: Thư Lâm | J30: 034178005875 | K30: Giáo viên tiểu học hạng II – V.07.03.28 | L30: =ROUNDUP(IF(A29<=20, 18,IF(A29<=40, 19,MIN(24, 19 + (A29-40)/20))),0) -> 19 | N30: =Result!W25 -> 0 | O30: =Result!Z25 -> 0 | P30: =Result!X25 -> 0 | Q30: =Result!Y25 -> 0 | R30: =Result!V25 -> 0
A31: 26 | B31: 365 | C31: Phạm Thị Thu Thiêm | D31: PHAM THI THU THIEM | E31: Thiêm | F31: 1976 | G31: THPT | H31: THPT Liên Hà | I31: Thư Lâm | J31: 001181004093 | K31: Giáo viên tiểu học hạng II – V.07.03.28 | L31: =ROUNDUP(IF(A30<=20, 18,IF(A30<=40, 19,MIN(24, 19 + (A30-40)/20))),0) -> 19 | N31: =Result!W26 -> 0 | O31: =Result!Z26 -> 0 | P31: =Result!X26 -> 0 | Q31: =Result!Y26 -> 0 | R31: =Result!V26 -> 0
A32: 27 | B32: 366 | C32: Nguyễn Thị Nhung | D32: NGUYEN THI NHUNG | E32: Nhung | F32: 1978 | G32: THPT | H32: THPT Đông Anh | I32: Thư Lâm | J32: 001178029862 | K32: Giáo viên trung học cơ sở hạng II - V.07.04.31 | L32: =ROUNDUP(IF(A31<=20, 18,IF(A31<=40, 19,MIN(24, 19 + (A31-40)/20))),0) -> 19 | N32: =Result!W27 -> 0 | O32: =Result!Z27 -> 0 | P32: =Result!X27 -> 0 | Q32: =Result!Y27 -> 0 | R32: =Result!V27 -> 0
A33: 28 | B33: 367 | C33: Nguyễn Thế Huệ | D33: NGUYEN THE HUE | E33: Huệ | F33: 1977 | G33: THPT | H33: THPT Đông Anh | I33: Thư Lâm | J33: 001077040753 | K33: Giáo viên trung học phổ thông hạng III - V.07.05.15 | L33: =ROUNDUP(IF(A32<=20, 18,IF(A32<=40, 19,MIN(24, 19 + (A32-40)/20))),0) -> 19 | N33: =Result!W28 -> 3.5 | O33: =Result!Z28 -> 5 | P33: =Result!X28 -> 4.5 | Q33: =Result!Y28 -> 5.5 | R33: =Result!V28 -> 4.5
A34: 29 | B34: 368 | C34: Nguyễn Thị Nga | D34: NGUYEN THI NGA | E34: Nga | F34: 1985 | G34: THPT | H34: THPT Tiến Thịnh | I34: Yên Lãng | J34: 35185004411 | K34: Giáo viên trung học phổ thông hạng II - V.07.05.14 | L34: =ROUNDUP(IF(A33<=20, 18,IF(A33<=40, 19,MIN(24, 19 + (A33-40)/20))),0) -> 19 | N34: =Result!W29 -> 3.5 | O34: =Result!Z29 -> 4 | P34: =Result!X29 -> 4.5 | Q34: =Result!Y29 -> 5.5 | R34: =Result!V29 -> 4.5
A35: 30 | B35: 369 | C35: Phùng Thu Hường | D35: PHUNG THU HUONG | E35: Hường | F35: 1987 | G35: TH | H35: TH Tự Lập B | I35: Tiến Thắng | J35: 001085037860 | K35: Giáo viên tiểu học hạng IV - V.07.03.09 | L35: =ROUNDUP(IF(A34<=20, 18,IF(A34<=40, 19,MIN(24, 19 + (A34-40)/20))),0) -> 19 | N35: =Result!W30 -> 0 | O35: =Result!Z30 -> 0 | P35: =Result!X30 -> 0 | Q35: =Result!Y30 -> 0 | R35: =Result!V30 -> 0
A36: 31 | B36: 370 | C36: Đoàn Phương Thảo | D36: DOAN PHUONG THAO | E36: Thảo | F36: 1983 | G36: TH | H36: TH Thanh Lâm B | I36: Quang Minh | J36: 024182000152 | K36: Giáo viên trung học phổ thông hạng III - V.07.05.15 | L36: =ROUNDUP(IF(A35<=20, 18,IF(A35<=40, 19,MIN(24, 19 + (A35-40)/20))),0) -> 19 | N36: =Result!W31 -> AB | O36: =Result!Z31 -> AB | P36: =Result!X31 -> AB | Q36: =Result!Y31 -> AB | R36: =Result!V31 -> AB
A37: 32 | B37: 371 | C37: Nguyễn Thanh Hà | D37: NGUYEN THANH HA | E37: Hà | F37: 1984 | G37: TH | H37: TH Chu Phan | I37: Yên Lãng | J37: 001176046317 | K37: Giáo viên trung học phổ thông hạng III - V.07.05.15 | L37: =ROUNDUP(IF(A36<=20, 18,IF(A36<=40, 19,MIN(24, 19 + (A36-40)/20))),0) -> 19 | N37: =Result!W32 -> 0 | O37: =Result!Z32 -> 0 | P37: =Result!X32 -> 0 | Q37: =Result!Y32 -> 0 | R37: =Result!V32 -> 0
A38: 33 | B38: 372 | C38: Nguyễn Hoài Thanh | D38: NGUYEN HOAI THANH | E38: Thanh | F38: 1978 | G38: TH | H38: TH Đại Thịnh B | I38: Quang Minh | J38: 001187032876 | K38: Giáo viên tiểu học hạng III – V.07.03.29 | L38: =ROUNDUP(IF(A37<=20, 18,IF(A37<=40, 19,MIN(24, 19 + (A37-40)/20))),0) -> 19 | N38: =Result!W33 -> 0 | O38: =Result!Z33 -> 0 | P38: =Result!X33 -> 0 | Q38: =Result!Y33 -> 0 | R38: =Result!V33 -> 0
A39: 34 | B39: 373 | C39: Nguyễn Văn Bằng | D39: NGUYEN VAN BANG | E39: Bằng | F39: 1985 | G39: TH | H39: TH Tự Lập A | I39: Tiến Thắng | J39: 001184017736 | K39: Giáo viên trung học phổ thông hạng III - V.07.05.15 | L39: =ROUNDUP(IF(A38<=20, 18,IF(A38<=40, 19,MIN(24, 19 + (A38-40)/20))),0) -> 19 | N39: =Result!W34 -> 0 | O39: =Result!Z34 -> AB | P39: =Result!X34 -> 0 | Q39: =Result!Y34 -> 0 | R39: =Result!V34 -> AB
A40: 35 | B40: 374 | C40: Lê Thị Loan | D40: LE THI LOAN | E40: Loan | F40: 1981 | G40: TH | H40: TH Thạch Đà B | I40: Yên Lãng | J40: 1181004093 | K40: Giáo viên tiểu học hạng II – V.07.03.28 | L40: =ROUNDUP(IF(A39<=20, 18,IF(A39<=40, 19,MIN(24, 19 + (A39-40)/20))),0) -> 19 | N40: =Result!W35 -> 0 | O40: =Result!Z35 -> 0 | P40: =Result!X35 -> 0 | Q40: =Result!Y35 -> 0 | R40: =Result!V35 -> 0
A41: 36 | B41: 375 | C41: Nguyễn Thị Hằng | D41: NGUYEN THI HANG | E41: Hằng | F41: 1982 | G41: TH | H41: TH Mê Linh | I41: Mê Linh | J41: 987892839 | K41: Giáo viên tiểu học hạng III - V07.03.08 | L41: =ROUNDUP(IF(A40<=20, 18,IF(A40<=40, 19,MIN(24, 19 + (A40-40)/20))),0) -> 19 | N41: =Result!W36 -> 0 | O41: =Result!Z36 -> AB | P41: =Result!X36 -> 0 | Q41: =Result!Y36 -> 0 | R41: =Result!V36 -> AB
A42: 37 | B42: 376 | C42: Lê Thị Hạnh | D42: LE THI HANH | E42: Hạnh | F42: 1978 | G42: THCS | H42: THCS Tráng Việt | I42: Mê Linh | J42: 1178029862 | K42: Giáo viên trung học cơ sở hạng II - V.07.04.31 | L42: =ROUNDUP(IF(A41<=20, 18,IF(A41<=40, 19,MIN(24, 19 + (A41-40)/20))),0) -> 19 | N42: =Result!W37 -> 4 | O42: =Result!Z37 -> 5.5 | P42: =Result!X37 -> 5.5 | Q42: =Result!Y37 -> 5.5 | R42: =Result!V37 -> 5
A43: 38 | B43: 377 | C43: Nguyễn Thị Thắm | D43: NGUYEN THI THAM | E43: Thắm | F43: 1978 | G43: THCS | H43: THCS Tiền Phong | I43: Mê Linh | J43: 1178010346 | K43: Giáo viên trung học cơ sở hạng II - V.07.04.31 | L43: =ROUNDUP(IF(A42<=20, 18,IF(A42<=40, 19,MIN(24, 19 + (A42-40)/20))),0) -> 19 | N43: =Result!W38 -> 4 | O43: =Result!Z38 -> 4 | P43: =Result!X38 -> 4.5 | Q43: =Result!Y38 -> 5.5 | R43: =Result!V38 -> 4.5
A44: 39 | B44: 378 | C44: Nguyễn Thu Hường | D44: NGUYEN THU HUONG | E44: Hường | F44: 1982 | G44: THCS | H44: THCS Văn Khê | I44: Mê Linh | J44: 26182001327 | K44: Giáo viên trung học cơ sở hạng II - V.07.04.31 | L44: =ROUNDUP(IF(A43<=20, 18,IF(A43<=40, 19,MIN(24, 19 + (A43-40)/20))),0) -> 19 | N44: =Result!W39 -> 4 | O44: =Result!Z39 -> 4.5 | P44: =Result!X39 -> 5.5 | Q44: =Result!Y39 -> 5.5 | R44: =Result!V39 -> 5
A45: 40 | B45: 379 | C45: Nguyễn Văn Dũng | D45: NGUYEN VAN DUNG | E45: Dũng | F45: 1979 | G45: THCS | H45: THCS Văn Khê | I45: Mê Linh | J45: 1079050226 | K45: Giáo viên trung học cơ sở hạng II - V.07.04.31 | L45: =ROUNDUP(IF(A44<=20, 18,IF(A44<=40, 19,MIN(24, 19 + (A44-40)/20))),0) -> 19 | N45: =Result!W40 -> 0 | O45: =Result!Z40 -> 0 | P45: =Result!X40 -> 0 | Q45: =Result!Y40 -> 0 | R45: =Result!V40 -> 0
A46: 41 | B46: 380 | C46: Nguyễn Thị Tuyết | D46: NGUYEN THI TUYET | E46: Tuyết | F46: 1981 | G46: THCS | H46: THCS Văn Khê | I46: Mê Linh | J46: 1181043471 | K46: Giáo viên trung học cơ sở hạng II - V.07.04.31 | L46: =ROUNDUP(IF(A45<=20, 18,IF(A45<=40, 19,MIN(24, 19 + (A45-40)/20))),0) -> 19 | N46: =Result!W41 -> 3.5 | O46: =Result!Z41 -> 5 | P46: =Result!X41 -> 4 | Q46: =Result!Y41 -> 6 | R46: =Result!V41 -> 4.5
A47: 42 | B47: 381 | C47: Trần Thị Bích Hiển | D47: TRAN THI BICH HIEN | E47: Hiển | F47: 1979 | G47: THCS | H47: THCS Tam Đồng | I47: Tiến Thắng | J47: 001079033488-C510532707 | K47: Giáo viên trung học cơ sở hạng I - V.07.04.30 | L47: =ROUNDUP(IF(A46<=20, 18,IF(A46<=40, 19,MIN(24, 19 + (A46-40)/20))),0) -> 20 | N47: =Result!W42 -> 0 | O47: =Result!Z42 -> 0 | P47: =Result!X42 -> 0 | Q47: =Result!Y42 -> 0 | R47: =Result!V42 -> 0
A48: 43 | B48: 382 | C48: Trần Thị Thu Hằng | D48: TRAN THI THU HANG | E48: Hằng | F48: 1983 | G48: TH | H48: TH Văn Khê B | I48: Mê Linh | J48: 001176033068 | K48: Giáo viên trung học cơ sở hạng II - V.07.04.31 | L48: =ROUNDUP(IF(A47<=20, 18,IF(A47<=40, 19,MIN(24, 19 + (A47-40)/20))),0) -> 20 | N48: =Result!W43 -> 0 | O48: =Result!Z43 -> 0 | P48: =Result!X43 -> 0 | Q48: =Result!Y43 -> 0 | R48: =Result!V43 -> 0
A49: 44 | B49: 383 | C49: Nguyễn Thị Kim Anh | D49: NGUYEN THI KIM ANH | E49: Anh | F49: 1984 | G49: THCS | H49: THCS Tự Lập | I49: Tiến Thắng | J49: 001075010580 | K49: Giáo viên trung học cơ sở hạng II - V.07.04.31 | L49: =ROUNDUP(IF(A48<=20, 18,IF(A48<=40, 19,MIN(24, 19 + (A48-40)/20))),0) -> 20 | N49: =Result!W44 -> 0 | O49: =Result!Z44 -> 0 | P49: =Result!X44 -> 0 | Q49: =Result!Y44 -> 0 | R49: =Result!V44 -> 0
A50: 45 | B50: 384 | C50: Nguyễn Minh Dung | D50: NGUYEN MINH DUNG | E50: Dung | F50: 1979 | G50: THCS | H50: THCS Kim Hoa | I50: Quang Minh | J50: ‘001177017369 | K50: Giáo viên trung học cơ sở hạng II - V.07.04.31 | L50: =ROUNDUP(IF(A49<=20, 18,IF(A49<=40, 19,MIN(24, 19 + (A49-40)/20))),0) -> 20 | N50: =Result!W45 -> 0 | O50: =Result!Z45 -> 0 | P50: =Result!X45 -> 0 | Q50: =Result!Y45 -> 0 | R50: =Result!V45 -> 0
A51: 46 | B51: 385 | C51: Nguyễn Văn Khiêm | D51: NGUYEN VAN KHIEM | E51: Khiêm | F51: 1977 | G51: THCS | H51: THCS Chu Phan | I51: Yên Lãng | J51: 001175013832 | K51: Giáo viên trung học cơ sở hạng II - V.07.04.31 | L51: =ROUNDUP(IF(A50<=20, 18,IF(A50<=40, 19,MIN(24, 19 + (A50-40)/20))),0) -> 20 | N51: =Result!W46 -> 4.5 | O51: =Result!Z46 -> 5.5 | P51: =Result!X46 -> 4.5 | Q51: =Result!Y46 -> 5.5 | R51: =Result!V46 -> 5
A52: 47 | B52: 386 | C52: Nguyễn Thị Hoa | D52: NGUYEN THI HOA | E52: Hoa | F52: 1996 | G52: TH | H52: TH An Dương | I52: Hồng Hà | J52: 026179008039 | K52: Giáo viên trung học cơ sở hạng II - V.07.04.31 | L52: =ROUNDUP(IF(A51<=20, 18,IF(A51<=40, 19,MIN(24, 19 + (A51-40)/20))),0) -> 20 | N52: =Result!W47 -> 0 | O52: =Result!Z47 -> 0 | P52: =Result!X47 -> 0 | Q52: =Result!Y47 -> 0 | R52: =Result!V47 -> 0
A53: 48 | B53: 387 | C53: Quách Thị Thanh Trà | D53: QUACH THI THANH TRA | E53: Trà | F53: 1979 | G53: THPT | H53: THPT Minh Phú | I53: Kim Anh | J53: 001176004956 | K53: Giáo viên trung học phổ thông hạng III - V.07.05.15 | L53: =ROUNDUP(IF(A52<=20, 18,IF(A52<=40, 19,MIN(24, 19 + (A52-40)/20))),0) -> 20 | N53: =Result!W48 -> 4.5 | O53: =Result!Z48 -> 5 | P53: =Result!X48 -> 5 | Q53: =Result!Y48 -> 5.5 | R53: =Result!V48 -> 5
A54: 49 | B54: 388 | C54: Lê Thị Dung | D54: LE THI DUNG | E54: Dung | F54: 1977 | G54: THPT | H54: THPT Sóc Sơn | I54: Sóc Sơn | J54: 001077024738 | K54: Giáo viên trung học cơ sở hạng II - V.07.04.31 | L54: =ROUNDUP(IF(A53<=20, 18,IF(A53<=40, 19,MIN(24, 19 + (A53-40)/20))),0) -> 20 | N54: =Result!W49 -> 0 | O54: =Result!Z49 -> 0 | P54: =Result!X49 -> 0 | Q54: =Result!Y49 -> 0 | R54: =Result!V49 -> 0
A55: 50 | B55: 389 | C55: Trần Thị Huệ | D55: TRAN THI HUE | E55: Huệ | F55: 1976 | G55: THPT | H55: THPT Trung Giã | I55: Trung Giã | J55: 001177014103 | K55: Giáo viên trung học phổ thông hạng III - V.07.05.15 | L55: =ROUNDUP(IF(A54<=20, 18,IF(A54<=40, 19,MIN(24, 19 + (A54-40)/20))),0) -> 20 | N55: =Result!W50 -> 3.5 | O55: =Result!Z50 -> 5 | P55: =Result!X50 -> 4.5 | Q55: =Result!Y50 -> 6 | R55: =Result!V50 -> 5
A56: 51 | B56: 390 | C56: Nguyễn Ngọc Tuân | D56: NGUYEN NGOC TUAN | E56: Tuân | F56: 1975 | G56: THPT | H56: THPT Minh Phú | I56: Kim Anh | J56: 001178022441 | K56: Giáo viên trung học cơ sở hạng II - V.07.04.31 | L56: =ROUNDUP(IF(A55<=20, 18,IF(A55<=40, 19,MIN(24, 19 + (A55-40)/20))),0) -> 20 | N56: =Result!W51 -> 0 | O56: =Result!Z51 -> 0 | P56: =Result!X51 -> 0 | Q56: =Result!Y51 -> 0 | R56: =Result!V51 -> 0
A57: 52 | B57: 391 | C57: Đàm Thị Tú Uyên | D57: DAM THI TU UYEN | E57: Uyên | F57: 1978 | G57: THCS | H57: THCS Phú Minh | I57: Nội Bài | J57: 001179000066 | K57: Giáo viên trung học cơ sở hạng III - V.07.04.32 | L57: =ROUNDUP(IF(A56<=20, 18,IF(A56<=40, 19,MIN(24, 19 + (A56-40)/20))),0) -> 20 | N57: =Result!W52 -> 3.5 | O57: =Result!Z52 -> 4.5 | P57: =Result!X52 -> 4 | Q57: =Result!Y52 -> 5.5 | R57: =Result!V52 -> 4.5
A58: 53 | B58: 392 | C58: Hoàng Thị Oanh | D58: HOANG THI OANH | E58: Oanh | F58: 1976 | G58: THCS | H58: THCS Phú Minh | I58: Nội Bài | J58: 001194046711 | K58: Giáo viên trung học cơ sở hạng II - V.07.04.31 | L58: =ROUNDUP(IF(A57<=20, 18,IF(A57<=40, 19,MIN(24, 19 + (A57-40)/20))),0) -> 20 | N58: =Result!W53 -> 0 | O58: =Result!Z53 -> 0 | P58: =Result!X53 -> 0 | Q58: =Result!Y53 -> 0 | R58: =Result!V53 -> 0
... A61: 56 | B61: 395 | C61: Trịnh Thị Thu Hường | D61: TRINH THI THU HUONG | E61: Hường | F61: 1975 | G61: THCS | H61: THCS Trung Giã | I61: Trung Giã | J61: 001179047464 | K61: Giáo viên trung học phổ thông hạng III - V.07.05.15 | L61: =ROUNDUP(IF(A60<=20, 18,IF(A60<=40, 19,MIN(24, 19 + (A60-40)/20))),0) -> 20 | N61: =Result!W56 -> 4 | O61: =Result!Z56 -> 5 | P61: =Result!X56 -> 3.5 | Q61: =Result!Y56 -> 6 | R61: =Result!V56 -> 4.5
A62: 57 | B62: 739 | C62: Trần Thị Trang | D62: TRAN THI TRANG | E62: Trang | F62: 1987 | G62: THPT | H62: THPT Ngọc Tảo | I62: Phúc Thọ | J62: 1187041867 | K62: Giáo viên trung học phổ thông hạng III - V.07.05.15 | L62: =ROUNDUP(IF(A61<=20, 18,IF(A61<=40, 19,MIN(24, 19 + (A61-40)/20))),0) -> 20 | N62: =Result!W57 -> 0 | O62: =Result!Z57 -> 0 | P62: =Result!X57 -> 0 | Q62: =Result!Y57 -> 0 | R62: =Result!V57 -> 0
A63: 58 | B63: 16 | C63: Nguyễn Thu Trang | D63: NGUYEN THU TRANG | E63: Trang | F63: 1979 | G63: THCS | H63: THCS Nguyễn Công Trứ | I63: Ba Đình | J63: 1179000066 | K63: Giáo viên trung học cơ sở hạng III - V.07.04.32 | L63: =ROUNDUP(IF(A62<=20, 18,IF(A62<=40, 19,MIN(24, 19 + (A62-40)/20))),0) -> 20 | N63: =Result!W58 -> 4.5 | O63: =Result!Z58 -> 5 | P63: =Result!X58 -> 6 | Q63: =Result!Y58 -> 6 | R63: =Result!V58 -> 5.5
A64: 59 | B64: 398 | C64: Nguyễn Thị Bích Ngọc | D64: NGUYEN THI BICH NGOC | E64: Ngọc | F64: 1976 | G64: THCS | H64: THCS Mai Đình | I64: Sóc Sơn | J64: 1176033068 | K64: Giáo viên trung học cơ sở hạng II - V.07.04.31 | L64: =ROUNDUP(IF(A63<=20, 18,IF(A63<=40, 19,MIN(24, 19 + (A63-40)/20))),0) -> 20 | N64: =Result!W59 -> 0 | O64: =Result!Z59 -> AB | P64: =Result!X59 -> 0 | Q64: =Result!Y59 -> 0 | R64: =Result!V59 -> AB
A65: 60 | B65: 399 | C65: Bùi Thị Mai Thanh | D65: BUI THI MAI THANH | E65: Thanh | F65: 1975 | G65: THCS | H65: THCS Nguyễn Du | I65: Sóc Sơn | J65: 1175032774 | K65: Giáo viên trung học cơ sở hạng II - V.07.04.31 | L65: =ROUNDUP(IF(A64<=20, 18,IF(A64<=40, 19,MIN(24, 19 + (A64-40)/20))),0) -> 20 | N65: =Result!W60 -> 0 | O65: =Result!Z60 -> 0 | P65: =Result!X60 -> 0 | Q65: =Result!Y60 -> 0 | R65: =Result!V60 -> 0
A66: 61 | B66: 400 | C66: Trần Thị Tâm | D66: TRÀN THỊ TAM | E66: Tâm | F66: 1978 | G66: THCS | H66: THCS Tiên Dược | I66: Sóc Sơn | J66: 1178001577 | K66: Giáo viên trung học cơ sở hạng II - V.07.04.31 | L66: =ROUNDUP(IF(A65<=20, 18,IF(A65<=40, 19,MIN(24, 19 + (A65-40)/20))),0) -> 20 | N66: =Result!W61 -> 0 | O66: =Result!Z61 -> 0 | P66: =Result!X61 -> 0 | Q66: =Result!Y61 -> 0 | R66: =Result!V61 -> 0
A67: 62 | B67: 401 | C67: Trần Mai Hương | D67: TRAN MAI HUONG | E67: Hương | F67: 1975 | G67: THCS | H67: THCS Phù Linh | I67: Sóc Sơn | J67: 001174036478 | K67: Giáo viên trung học cơ sở hạng II - V.07.04.31 | L67: =ROUNDUP(IF(A66<=20, 18,IF(A66<=40, 19,MIN(24, 19 + (A66-40)/20))),0) -> 21 | N67: =Result!W62 -> 4.5 | O67: =Result!Z62 -> 4.5 | P67: =Result!X62 -> 5 | Q67: =Result!Y62 -> 5.5 | R67: =Result!V62 -> 5
A68: 63 | B68: 402 | C68: Phạm Thị Mai Phúc | D68: PHAM THI MAI PHUC | E68: Phúc | F68: 1976 | G68: THCS | H68: THCS Phù Linh | I68: Phù Linh | J68: 001077036817 | K68: Giáo viên trung học cơ sở hạng II - V.07.04.31 | L68: =ROUNDUP(IF(A67<=20, 18,IF(A67<=40, 19,MIN(24, 19 + (A67-40)/20))),0) -> 21 | N68: =Result!W63 -> 0 | O68: =Result!Z63 -> 0 | P68: =Result!X63 -> 0 | Q68: =Result!Y63 -> 0 | R68: =Result!V63 -> 0
A69: 64 | B69: 403 | C69: Nguyễn Thị Hoà | D69: NGUYEN THỊ HOÀ | E69: Hoà | F69: 1994 | G69: THCS | H69: THCS Vân Hà | I69: Thư Lâm | J69: 001175023937 | K69: Giáo viên trung học cơ sở hạng II - V.07.04.31 | L69: =ROUNDUP(IF(A68<=20, 18,IF(A68<=40, 19,MIN(24, 19 + (A68-40)/20))),0) -> 21 | N69: =Result!W64 -> 0 | O69: =Result!Z64 -> 0 | P69: =Result!X64 -> 0 | Q69: =Result!Y64 -> 0 | R69: =Result!V64 -> 0
A70: 65 | B70: 404 | C70: Nguyễn Thị Huệ | D70: NGUYEN THI HUE | E70: Huệ | F70: 1979 | G70: THCS | H70: THCS Dục Tú | I70: Đông Anh | J70: 001194006005 | K70: Giáo viên trung học cơ sở hạng III - V.07.04.32 | L70: =ROUNDUP(IF(A69<=20, 18,IF(A69<=40, 19,MIN(24, 19 + (A69-40)/20))),0) -> 21 | N70: =Result!W65 -> 0 | O70: =Result!Z65 -> 0 | P70: =Result!X65 -> 0 | Q70: =Result!Y65 -> 0 | R70: =Result!V65 -> 0
A71: 66 | B71: 405 | C71: Lê Anh Tuấn | D71: LE ANH TUAN | E71: Tuấn | F71: 1979 | G71: THCS | H71: THCS Đông Thái | I71: Tây Hồ | J71: 008179000026 | K71: Giáo viên trung học cơ sở hạng II - V.07.04.31 | L71: =ROUNDUP(IF(A70<=20, 18,IF(A70<=40, 19,MIN(24, 19 + (A70-40)/20))),0) -> 21 | N71: =Result!W66 -> 0 | O71: =Result!Z66 -> 0 | P71: =Result!X66 -> 0 | Q71: =Result!Y66 -> 0 | R71: =Result!V66 -> 0
A72: 67 | B72: 406 | C72: Đào Thị Thúy Hà | D72: DAO THI THUY HA | E72: Hà | F72: 1979 | G72: THCS | H72: THCS Vĩnh Ngọc | I72: Vĩnh Thanh | J72: 001079024981 | K72: Giáo viên trung học cơ sở hạng II - V.07.04.31 | L72: =ROUNDUP(IF(A71<=20, 18,IF(A71<=40, 19,MIN(24, 19 + (A71-40)/20))),0) -> 21 | N72: =Result!W67 -> 0 | O72: =Result!Z67 -> 0 | P72: =Result!X67 -> 0 | Q72: =Result!Y67 -> 0 | R72: =Result!V67 -> 0
A73: 68 | B73: 407 | C73: Nguyễn Thị Lan Anh | D73: NGUYEN THI LAN ANH | E73: Anh | F73: 1978 | G73: THCS | H73: THCS Đông Hội | I73: Đông Anh | J73: 001184039143 | K73: Giáo viên tiểu học hạng III – V.07.03.29 | L73: =ROUNDUP(IF(A72<=20, 18,IF(A72<=40, 19,MIN(24, 19 + (A72-40)/20))),0) -> 21 | N73: =Result!W68 -> 0 | O73: =Result!Z68 -> 0 | P73: =Result!X68 -> 0 | Q73: =Result!Y68 -> 0 | R73: =Result!V68 -> 0
A74: 69 | B74: 408 | C74: Nguyễn Ngọc Quân | D74: NGUYEN NGOC QUAN | E74: Quân | F74: 1974 | G74: THCS | H74: THCS Thụy Lâm | I74: Phúc Thịnh | J74: 001177046284 | K74: Giáo viên trung học phổ thông hạng III - V.07.05.15 | L74: =ROUNDUP(IF(A73<=20, 18,IF(A73<=40, 19,MIN(24, 19 + (A73-40)/20))),0) -> 21 | N74: =Result!W69 -> 0 | O74: =Result!Z69 -> 0 | P74: =Result!X69 -> 0 | Q74: =Result!Y69 -> 0 | R74: =Result!V69 -> 0
A75: 70 | B75: 409 | C75: Ngô Văn Việt | D75: NGO VAN VIET | E75: Việt | F75: 1977 | G75: THCS | H75: THCS An Dương Vương | I75: Đông Anh | J75: 001180044201 | K75: Giáo viên tiểu học hạng III – V.07.03.29 | L75: =ROUNDUP(IF(A74<=20, 18,IF(A74<=40, 19,MIN(24, 19 + (A74-40)/20))),0) -> 21 | N75: =Result!W70 -> 4 | O75: =Result!Z70 -> 5.5 | P75: =Result!X70 -> 4 | Q75: =Result!Y70 -> 5.5 | R75: =Result!V70 -> 5
A76: 71 | B76: 410 | C76: Lê Thị Hương | D76: LE THI HUONG | E76: Hương | F76: 1976 | G76: THCS | H76: THCS Kim Chung | I76: Thiên Lộc | J76: 001178021999 | K76: Giáo viên trung học cơ sở hạng II - V.07.04.31 | L76: =ROUNDUP(IF(A75<=20, 18,IF(A75<=40, 19,MIN(24, 19 + (A75-40)/20))),0) -> 21 | N76: =Result!W71 -> 0 | O76: =Result!Z71 -> 0 | P76: =Result!X71 -> 0 | Q76: =Result!Y71 -> 0 | R76: =Result!V71 -> 0
A77: 72 | B77: 411 | C77: Phạm Thị Chính | D77: PHAM THI CHINH | E77: Chính | F77: 1975 | G77: THCS | H77: THCS Cổ Loa | I77: Đông Anh | J77: 001194046711 | K77: Giáo viên trung học cơ sở hạng II - V.07.04.31 | L77: =ROUNDUP(IF(A76<=20, 18,IF(A76<=40, 19,MIN(24, 19 + (A76-40)/20))),0) -> 21 | N77: =Result!W72 -> 0 | O77: =Result!Z72 -> 0 | P77: =Result!X72 -> 0 | Q77: =Result!Y72 -> 0 | R77: =Result!V72 -> 0
A78: 73 | B78: 412 | C78: Lê Thị Mai Lan | D78: LE THI MAI LAN | E78: Lan | F78: 1974 | G78: THCS | H78: THCS Tiên Dương | I78: Đông Anh | J78: 001196039783 | K78: Giáo viên tiểu học hạng III – V.07.03.29 | L78: =ROUNDUP(IF(A77<=20, 18,IF(A77<=40, 19,MIN(24, 19 + (A77-40)/20))),0) -> 21 | N78: =Result!W73 -> 2 | O78: =Result!Z73 -> 5.5 | P78: =Result!X73 -> 5.5 | Q78: =Result!Y73 -> 5.5 | R78: =Result!V73 -> 4.5
A79: 74 | B79: 413 | C79: Phạm Thị Cúc | D79: PHAM THI CUC | E79: Cúc | F79: 1989 | G79: THPT | H79: THPT Cổ Loa | I79: Đông Anh | J79: 001189011826 | K79: Giáo viên trung học phổ thông hạng III - V.07.05.15 | L79: =ROUNDUP(IF(A78<=20, 18,IF(A78<=40, 19,MIN(24, 19 + (A78-40)/20))),0) -> 21 | N79: =Result!W74 -> 0 | O79: =Result!Z74 -> 0 | P79: =Result!X74 -> 0 | Q79: =Result!Y74 -> 0 | R79: =Result!V74 -> 0
A80: 75 | B80: 414 | C80: Chử Thị Thu Trang | D80: CHU THI THU TRANG | E80: Trang | F80: 1978 | G80: THPT | H80: THPT Cổ Loa | I80: Đông Anh | J80: 1178002480 | K80: Giáo viên trung học phổ thông hạng III - V.07.05.15 | L80: =ROUNDUP(IF(A79<=20, 18,IF(A79<=40, 19,MIN(24, 19 + (A79-40)/20))),0) -> 21 | N80: =Result!W75 -> 0 | O80: =Result!Z75 -> 0 | P80: =Result!X75 -> 0 | Q80: =Result!Y75 -> 0 | R80: =Result!V75 -> 0
A81: 76 | B81: 415 | C81: Lê Thị Hải | D81: LE THI HAI | E81: Hải | F81: 1977 | G81: THPT | H81: THPT Liên Hà | I81: Thư Lâm | J81: 1184039143 | K81: Giáo viên tiểu học hạng III – V.07.03.29 | L81: =ROUNDUP(IF(A80<=20, 18,IF(A80<=40, 19,MIN(24, 19 + (A80-40)/20))),0) -> 21 | N81: =Result!W76 -> 0 | O81: =Result!Z76 -> 0 | P81: =Result!X76 -> 0 | Q81: =Result!Y76 -> 0 | R81: =Result!V76 -> 0
A82: 77 | B82: 416 | C82: Nguyễn Thị Thu Hương | D82: NGUYEN THI THU HUONG | E82: Hương | F82: 1976 | G82: THPT | H82: THPT Liên Hà | I82: Thư Lâm | J82: 27176011754 | K82: Giáo viên trung học phổ thông hạng III - V.07.05.15 | L82: =ROUNDUP(IF(A81<=20, 18,IF(A81<=40, 19,MIN(24, 19 + (A81-40)/20))),0) -> 21 | N82: =Result!W77 -> 4 | O82: =Result!Z77 -> 5 | P82: =Result!X77 -> 5.5 | Q82: =Result!Y77 -> 6 | R82: =Result!V77 -> 5
A83: 78 | B83: 417 | C83: Phạm Quỳnh Liên | D83: PHAM QUYNH LIEN | E83: Liên | F83: 1996 | G83: TH | H83: TH Võng La | I83: Thiên Lộc | J83: 1196039783 | K83: Giáo viên tiểu học hạng III – V.07.03.29 | L83: =ROUNDUP(IF(A82<=20, 18,IF(A82<=40, 19,MIN(24, 19 + (A82-40)/20))),0) -> 21 | N83: =Result!W78 -> 0 | O83: =Result!Z78 -> 0 | P83: =Result!X78 -> 0 | Q83: =Result!Y78 -> 0 | R83: =Result!V78 -> 0
A84: 79 | B84: 418 | C84: Dương Thị Thu Phương | D84: DUONG THI THU PHUONG | E84: Phương | F84: 1993 | G84: TH | H84: TH Thị Trấn | I84: Thư Lâm | J84: 1193046294 | K84: Giáo viên tiểu học hạng III – V.07.03.29 | L84: =ROUNDUP(IF(A83<=20, 18,IF(A83<=40, 19,MIN(24, 19 + (A83-40)/20))),0) -> 21 | N84: =Result!W79 -> 0 | O84: =Result!Z79 -> 0 | P84: =Result!X79 -> 0 | Q84: =Result!Y79 -> 0 | R84: =Result!V79 -> 0
A85: 80 | B85: 419 | C85: Nguyễn Thị Hồng Huệ | D85: NGUYEN THI HONG HUE | E85: Huệ | F85: 1980 | G85: TH | H85: TH Kim Nỗ | I85: Thiên Lộc | J85: 1180044201 | K85: Giáo viên tiểu học hạng III – V.07.03.29 | L85: =ROUNDUP(IF(A84<=20, 18,IF(A84<=40, 19,MIN(24, 19 + (A84-40)/20))),0) -> 21 | N85: =Result!W80 -> 0 | O85: =Result!Z80 -> 0 | P85: =Result!X80 -> 0 | Q85: =Result!Y80 -> 0 | R85: =Result!V80 -> 0
A86: 81 | B86: 420 | C86: Nguyễn Thị Minh Hiển | D86: NGUYEN THI MINH HIEN | E86: Hiển | F86: 1979 | G86: TH | H86: TH Võng La | I86: Thiên Lộc | J86: 1179003519 | K86: Giáo viên tiểu học hạng II – V.07.03.28 | L86: =ROUNDUP(IF(A85<=20, 18,IF(A85<=40, 19,MIN(24, 19 + (A85-40)/20))),0) -> 21 | N86: =Result!W81 -> 0 | O86: =Result!Z81 -> 0 | P86: =Result!X81 -> 0 | Q86: =Result!Y81 -> 0 | R86: =Result!V81 -> 0
A87: 82 | B87: 421 | C87: Vũ Thị Kim Thanh | D87: VU THI KIM THANH | E87: Thanh | F87: 1978 | G87: TH | H87: TH Tô Thị Hiển | I87: Phúc Thịnh | J87: 001194006005 | K87: Giáo viên trung học cơ sở hạng III - V.07.04.32 | L87: =ROUNDUP(IF(A86<=20, 18,IF(A86<=40, 19,MIN(24, 19 + (A86-40)/20))),0) -> 22 | N87: =Result!W82 -> 5.5 | O87: =Result!Z82 -> 5.5 | P87: =Result!X82 -> 6 | Q87: =Result!Y82 -> 5.5 | R87: =Result!V82 -> 5.5
A88: 83 | B88: 422 | C88: Nguyễn Thị Hồng Kiểm | D88: NGUYEN THỊ HONG KIEM | E88: Kiểm | F88: 1977 | G88: TH | H88: TH Cổ Loa | I88: Đông Anh | J88: 001176053581 | K88: Giáo viên trung học phổ thông hạng III - V.07.05.15 | L88: =ROUNDUP(IF(A87<=20, 18,IF(A87<=40, 19,MIN(24, 19 + (A87-40)/20))),0) -> 22 | N88: =Result!W83 -> 0 | O88: =Result!Z83 -> 0 | P88: =Result!X83 -> 0 | Q88: =Result!Y83 -> 0 | R88: =Result!V83 -> 0
A89: 84 | B89: 423 | C89: Nguyễn Thị Châm | D89: NGUYEN THI CHAM | E89: Châm | F89: 1977 | G89: TH | H89: TH Thăng Long | I89: Thiên Lộc | J89: 001180020741 | K89: Giáo viên tiểu học hạng II – V.07.03.28 | L89: =ROUNDUP(IF(A88<=20, 18,IF(A88<=40, 19,MIN(24, 19 + (A88-40)/20))),0) -> 22 | N89: =Result!W84 -> 0 | O89: =Result!Z84 -> 0 | P89: =Result!X84 -> 0 | Q89: =Result!Y84 -> 0 | R89: =Result!V84 -> 0
A90: 85 | B90: 424 | C90: Đàm Thị Thu Điệp | D90: DAM THI THU DIEP | E90: Điệp | F90: 1977 | G90: TH | H90: TH Vĩnh Ngọc | I90: Vĩnh Thanh | J90: 001178013783 | K90: Giáo viên tiểu học hạng III – V.07.03.29 | L90: =ROUNDUP(IF(A89<=20, 18,IF(A89<=40, 19,MIN(24, 19 + (A89-40)/20))),0) -> 22 | N90: =Result!W85 -> 0 | O90: =Result!Z85 -> 0 | P90: =Result!X85 -> 0 | Q90: =Result!Y85 -> 0 | R90: =Result!V85 -> 0
A91: 86 | B91: 425 | C91: Cao Thị Bằng | D91: CAO THI BANG | E91: Bằng | F91: 1976 | G91: TH | H91: TH Dục Tú | I91: Đông Anh | J91: 001196039158 | K91: Giáo viên trung học cơ sở hạng III - V.07.04.32 | L91: =ROUNDUP(IF(A90<=20, 18,IF(A90<=40, 19,MIN(24, 19 + (A90-40)/20))),0) -> 22 | N91: =Result!W86 -> 0 | O91: =Result!Z86 -> 0 | P91: =Result!X86 -> 0 | Q91: =Result!Y86 -> 0 | R91: =Result!V86 -> 0
A92: 87 | B92: 426 | C92: Nguyễn Thị Thu Uyên | D92: NGUYEN THI THU UYEN | E92: Uyên | F92: 1996 | G92: THCS | H92: THCS Cổ Loa | I92: Đông Anh | J92: 001177019255 | K92: Giáo viên tiểu học hạng III - V07.03.08 | L92: =ROUNDUP(IF(A91<=20, 18,IF(A91<=40, 19,MIN(24, 19 + (A91-40)/20))),0) -> 22 | N92: =Result!W87 -> 0 | O92: =Result!Z87 -> 0 | P92: =Result!X87 -> 0 | Q92: =Result!Y87 -> 0 | R92: =Result!V87 -> 0
A93: 88 | B93: 427 | C93: Lương Thị Hồng Nhung | D93: LUONG THI HONG NHUNG | E93: Nhung | F93: 1996 | G93: THCS | H93: THCS Mai Lâm | I93: Đông Anh | J93: 001177030526 | K93: Giáo viên tiểu học hạng II – V.07.03.28 | L93: =ROUNDUP(IF(A92<=20, 18,IF(A92<=40, 19,MIN(24, 19 + (A92-40)/20))),0) -> 22 | N93: =Result!W88 -> 4 | O93: =Result!Z88 -> 5.5 | P93: =Result!X88 -> 5.5 | Q93: =Result!Y88 -> 6 | R93: =Result!V88 -> 5.5
A94: 89 | B94: 428 | C94: Nguyễn Thị Thu Hương | D94: NGUYEN THI THU HUONG | E94: Hương | F94: 1994 | G94: THCS | H94: THCS Dục Tú | I94: Đông Anh | J94: 001191025902 | K94: Giáo viên tiểu học hạng III – V.07.03.29 | L94: =ROUNDUP(IF(A93<=20, 18,IF(A93<=40, 19,MIN(24, 19 + (A93-40)/20))),0) -> 22 | N94: =Result!W89 -> 4 | O94: =Result!Z89 -> 5 | P94: =Result!X89 -> 5.5 | Q94: =Result!Y89 -> 6 | R94: =Result!V89 -> 5
A95: 90 | B95: 429 | C95: Nguyễn Thị Phương | D95: NGUYEN THI PHUONG | E95: Phương | F95: 1976 | G95: THPT | H95: THPT Vân Nội | I95: Phúc Thịnh | J95: 001182042023 | K95: Giáo viên tiểu học hạng II – V.07.03.28 | L95: =ROUNDUP(IF(A94<=20, 18,IF(A94<=40, 19,MIN(24, 19 + (A94-40)/20))),0) -> 22 | N95: =Result!W90 -> 5 | O95: =Result!Z90 -> 5 | P95: =Result!X90 -> 5 | Q95: =Result!Y90 -> 6 | R95: =Result!V90 -> 5.5
A96: 91 | B96: 430 | C96: Nguyễn Thị Mai Hương | D96: NGUYEN THI MAI HUONG | E96: Hương | F96: 1978 | G96: THPT | H96: THPT Vân Nội | I96: Phúc Thịnh | J96: 1184057507 | K96: Giáo viên trung học cơ sở hạng II - V.07.04.31 | L96: =ROUNDUP(IF(A95<=20, 18,IF(A95<=40, 19,MIN(24, 19 + (A95-40)/20))),0) -> 22 | N96: =Result!W91 -> 5.5 | O96: =Result!Z91 -> 5.5 | P96: =Result!X91 -> 6.5 | Q96: =Result!Y91 -> 6 | R96: =Result!V91 -> 6
A97: 92 | B97: 431 | C97: Phan Thị Nhàn | D97: PHAN THI NHAN | E97: Nhàn | F97: 1984 | G97: THPT | H97: THPT Bắc Thăng Long | I97: Thiên Lộc | J97: 1184006475 | K97: Giáo viên trung học phổ thông hạng III - V.07.05.15 | L97: =ROUNDUP(IF(A96<=20, 18,IF(A96<=40, 19,MIN(24, 19 + (A96-40)/20))),0) -> 22 | N97: =Result!W92 -> 0 | O97: =Result!Z92 -> 0 | P97: =Result!X92 -> 0 | Q97: =Result!Y92 -> 0 | R97: =Result!V92 -> 0
A98: 93 | B98: 432 | C98: Nguyễn Thị Hà | D98: NGUYEN THI HA | E98: Hà | F98: 1982 | G98: TH | H98: TH Liên Mạc B | I98: Yên Lãng | J98: 1182042023 | K98: Giáo viên tiểu học hạng II – V.07.03.28 | L98: =ROUNDUP(IF(A97<=20, 18,IF(A97<=40, 19,MIN(24, 19 + (A97-40)/20))),0) -> 22 | N98: =Result!W93 -> 0 | O98: =Result!Z93 -> 0 | P98: =Result!X93 -> 0 | Q98: =Result!Y93 -> 0 | R98: =Result!V93 -> 0
A99: 94 | B99: 433 | C99: Ngô Thị Hồng Gấm | D99: NGO THI HONG GAM | E99: Gấm | F99: 1985 | G99: TH | H99: TH Văn Khê A | I99: Mê Linh | J99: 1185019297 | K99: Giáo viên tiểu học hạng II – V.07.03.28 | L99: =ROUNDUP(IF(A98<=20, 18,IF(A98<=40, 19,MIN(24, 19 + (A98-40)/20))),0) -> 22 | N99: =Result!W94 -> 0 | O99: =Result!Z94 -> 0 | P99: =Result!X94 -> 0 | Q99: =Result!Y94 -> 0 | R99: =Result!V94 -> 0
A100: 95 | B100: 603 | C100: Nguyễn Thanh Nhàn | D100: NGUYEN THANH NHAN | E100: Nhàn | F100: 1977 | G100: TH | H100: TH Hoàng Hoa Thám | I100: Ngọc Hà | J100: 1177010105 | K100: Giáo viên tiểu học hạng II – V.07.03.28 | L100: =ROUNDUP(IF(A99<=20, 18,IF(A99<=40, 19,MIN(24, 19 + (A99-40)/20))),0) -> 22 | N100: =Result!W95 -> 0 | O100: =Result!Z95 -> 0 | P100: =Result!X95 -> 0 | Q100: =Result!Y95 -> 0 | R100: =Result!V95 -> 0
A101: 96 | B101: 481 | C101: Hoàng Văn Hùng | D101: HOANG VAN HUNG | E101: Hùng | F101: 1983 | G101: THPT | H101: THPT Ngọc Tảo | I101: Hát Môn | J101: 1083006421 | K101: Giáo viên trung học phổ thông hạng III - V.07.05.15 | L101: =ROUNDUP(IF(A100<=20, 18,IF(A100<=40, 19,MIN(24, 19 + (A100-40)/20))),0) -> 22 | N101: =Result!W96 -> 5.5 | O101: =Result!Z96 -> 6 | P101: =Result!X96 -> 6 | Q101: =Result!Y96 -> 5.5 | R101: =Result!V96 -> 6
A102: 97 | B102: 436 | C102: Vũ Thị Minh Thu | D102: VŨ THỊ MINH THU | E102: Thu | F102: 1982 | G102: TH | H102: TH Đại Thịnh A | I102: Quang Minh | J102: 35182000293 | K102: Giáo viên tiểu học hạng II – V.07.03.28 | L102: =ROUNDUP(IF(A101<=20, 18,IF(A101<=40, 19,MIN(24, 19 + (A101-40)/20))),0) -> 22 | N102: =Result!W97 -> 0 | O102: =Result!Z97 -> 0 | P102: =Result!X97 -> 0 | Q102: =Result!Y97 -> 0 | R102: =Result!V97 -> 0
A103: 98 | B103: 437 | C103: Nguyễn Thị Minh Thảo | D103: NGUYEN THI MINH THAO | E103: Thảo | F103: 1987 | G103: TH | H103: TH Chi Đông | I103: Quang Minh | J103: 1187022144 | K103: Giáo viên tiểu học hạng III – V.07.03.29 | L103: =ROUNDUP(IF(A102<=20, 18,IF(A102<=40, 19,MIN(24, 19 + (A102-40)/20))),0) -> 22 | N103: =Result!W98 -> 0 | O103: =Result!Z98 -> 0 | P103: =Result!X98 -> 0 | Q103: =Result!Y98 -> 0 | R103: =Result!V98 -> 0
...

Sheet Scrores
A1: CANDIDATE_NUMBER | B1: TEST_FORMAT | C1: FAMILY_NAME | D1: GIVEN_NAME | E1: FULL_NAME | F1: NHÀ ĐÀO TẠO | G1: TELEPHONE | H1: EMAILID | I1: BIRTH_DATE | J1: GENDER | K1: IDENTITY | L1: CANDIDATE_ID | M1: TEST_DATE | N1: Band Score | O1: Listening | P1: Reading | Q1: Writing | R1: Speaking | S1: Cefr Score
A2: 45 | B2: PB | C2: BUI | D2: MAI LAN | E2: BUI MAI LAN | F2: SGD AMA | G2: 973438488 | H2: buimailan8@gmail.com | I2: 15/11/1977 | J2: F | K2: I | L2: 25177005125 | M2: 29/11/2025 | N2: 3.5 | O2: 2 | P2: 4 | Q2: 4 | R2: 3.5 | S2: Below B1
A3: 53 | B3: PB | C3: BUI | D3: THI MAI THANH | E3: BUI THI MAI THANH | F3: SGD AMA | G3: 947476368 | H3: buithanh26@gmail.com | I3: 26/12/1975 | J3: F | K3: I | L3: 1175032774 | M3: 29/11/2025 | N3: 4 | O3: 3.5 | P3: 4.5 | Q3: 3.5 | R3: 4 | S3: B1
A4: 69 | B4: PB | C4: CHU | D4: THI HUONG | E4: CHU THI HUONG | F4: SGD AMA | G4: 983492638 | H4: huongthanhthaomy@gmail.com | I4: ######## | J4: F | K4: I | L4: 1176049161 | M4: 29/11/2025 | N4: 6.5 | O4: 5.5 | P4: 6.5 | Q4: 7 | R4: 6 | S4: B2
A5: 73 | B5: PB | C5: DAM | D5: THI TU UYEN | E5: DAM THI TU UYEN | F5: SGD AMA | G5: 386286499 | H5: damtuuyen@gmail.com | I5: 20/09/1978 | J5: F | K5: I | L5: 1178022441 | M5: 29/11/2025 | N5: 4.5 | O5: 3 | P5: 5.5 | Q5: 5.5 | R5: 4.5 | S5: B1
A6: 75 | B6: PB | C6: DANG | D6: THI MAI PHUONG | E6: DANG THI MAI PHUONG | F6: SGD AMA | G6: 989897556 | H6: dangmaiphuong123@gmail.com | I6: 30927 | J6: F | K6: I | L6: 1184057507 | M6: 29/11/2025 | N6: 5.5 | O6: 5 | P6: 5.5 | Q6: 6 | R6: 5.5 | S6: B2
A7: 110 | B7: PB | C7: DUONG | D7: THI DUNG | E7: DUONG THI DUNG | F7: SGD AMA | G7: 982033412 | H7: Dunganhbntg@gmail.com | I7: 22/04/1976 | J7: F | K7: I | L7: 27176002787 | M7: 29/11/2025 | N7: 5 | O7: 3.5 | P7: 5.5 | Q7: 6 | R7: 5.5 | S7: B1
A8: 134 | B8: PB | C8: HOANG | D8: THI OANH | E8: HOANG THI OANH | F8: SGD AMA | G8: 986997462 | H8: Vietoanh2325@gmail.com | I8: 23/08/1976 | J8: F | K8: I | L8: 26176000273 | M8: 29/11/2025 | N8: 4.5 | O8: 2 | P8: 5 | Q8: 6 | R8: 5 | S8: B1
A9: 138 | B9: PB | C9: HOANG | D9: VAN HUNG | E9: HOANG VAN HUNG | F9: SGD AMA | G9: 972981938 | H9: hvhunganh@c3ngoctao.edu.vn | I9: ######## | J9: M | K9: I | L9: 1083006421 | M9: 29/11/2025 | N9: 6 | O9: 5.5 | P9: 6 | Q9: 5.5 | R9: 6 | S9: B2
A10: 157 | B10: PB | C10: LE | D10: THI BICH HUONG | E10: LE THI BICH HUONG | F10: SGD AMA | G10: 987709904 | H10: tanamkhanhhuy@gmail.com | I10: 30686 | J10: F | K10: I | L10: 1184058569 | M10: 29/11/2025 | N10: 6 | O10: 5 | P10: 6 | Q10: 6 | R10: 6 | S10: B2
A11: 158 | B11: PB | C11: LE | D11: THI DUNG | E11: LE THI DUNG | F11: SGD AMA | G11: 966099169 | H11: lethidung77@gmail.com | I11: 16/01/1977 | J11: F | K11: I | L11: 1177014103 | M11: 29/11/2025 | N11: 4.5 | O11: 3.5 | P11: 4.5 | Q11: 5.5 | R11: 5 | S11: B1
A12: 161 | B12: PB | C12: LE | D12: THI HANH | E12: LE THI HANH | F12: SGD AMA | G12: 978388044 | H12: lehanhanh78@gmail.com | I12: 21/05/1978 | J12: F | K12: I | L12: 1178029862 | M12: 29/11/2025 | N12: 4 | O12: 2 | P12: 5 | Q12: 5.5 | R12: 4 | S12: B1
A13: 167 | B13: PB | C13: LE | D13: THI KIM OANH | E13: LE THI KIM OANH | F13: SGD AMA | G13: 365263586 | H13: oanhle8784@gmail.com | I13: 30901 | J13: F | K13: I | L13: 1184035063 | M13: 29/11/2025 | N13: 6 | O13: 5.5 | P13: 6.5 | Q13: 6.5 | R13: 6 | S13: B2
A14: 169 | B14: PB | C14: LE | D14: THI LOAN | E14: LE THI LOAN | F14: SGD AMA | G14: 968103693 | H14: leloantdb2025@gmail.com | I14: ######## | J14: F | K14: I | L14: 1181004093 | M14: 29/11/2025 | N14: 4.5 | O14: 3.5 | P14: 5 | Q14: 5.5 | R14: 4 | S14: B1
A15: 172 | B15: PB | C15: LE | D15: THI MAI LAN | E15: LE THI MAI LAN | F15: SGD AMA | G15: 973116977 | H15: lemailanha@gmail.com | I15: ######## | J15: F | K15: I | L15: 1174036478 | M15: 29/11/2025 | N15: 4.5 | O15: 2 | P15: 5.5 | Q15: 5.5 | R15: 5.5 | S15: B1
A16: 185 | B16: PB | C16: LE | D16: XUAN HAI | E16: LE XUAN HAI | F16: SGD AMA | G16: 972588455 | H16: xuanhaithcstv@gmail.com | I16: 28581 | J16: M | K16: I | L16: 1078028836 | M16: 29/11/2025 | N16: 5.5 | O16: 4.5 | P16: 4.5 | Q16: 6.5 | R16: 5.5 | S16: B2
A17: 189 | B17: PB | C17: LUONG | D17: THI HONG NHUNG | E17: LUONG THI HONG NHUNG | F17: SGD AMA | G17: 363602772 | H17: Nhungluong1906@gmail.com | I17: 19/06/1996 | J17: F | K17: I | L17: 1196039158 | M17: 29/11/2025 | N17: 5.5 | O17: 4 | P17: 5.5 | Q17: 6 | R17: 5.5 | S17: B2
A18: 203 | B18: PB | C18: NGO | D18: THI HONG DUONG | E18: NGO THI HONG DUONG | F18: SGD AMA | G18: 358060974 | H18: hongduong975@gmail.com | I18: ######## | J18: F | K18: I | L18: 1175030348 | M18: 29/11/2025 | N18: 4.5 | O18: 3.5 | P18: 4 | Q18: 6 | R18: 4.5 | S18: B1
A19: 207 | B19: PB | C19: NGO | D19: THI THANH THUY | E19: NGO THI THANH THUY | F19: SGD AMA | G19: 986244026 | H19: ngothuy0977@gmail.com | I19: 28/09/1977 | J19: F | K19: I | L19: 1177032960 | M19: 29/11/2025 | N19: 4.5 | O19: 3 | P19: 4.5 | Q19: 5.5 | R19: 4.5 | S19: B1
A20: 210 | B20: PB | C20: NGO | D20: VAN VIET | E20: NGO VAN VIET | F20: SGD AMA | G20: 975684918 | H20: gviet1977@gmail.com | I20: 28133 | J20: M | K20: I | L20: 1077036817 | M20: 29/11/2025 | N20: 5 | O20: 4 | P20: 4 | Q20: 5.5 | R20: 5.5 | S20: B1
A21: 214 | B21: PB | C21: NGUYEN | D21: CONG TUAN | E21: NGUYEN CONG TUAN | F21: SGD AMA | G21: 388450376 | H21: nguyentuan1511976@gmail.com | I21: 15/01/1976 | J21: M | K21: I | L21: 1076003003 | M21: 29/11/2025 | N21: 5.5 | O21: 5 | P21: 6 | Q21: 6 | R21: 5 | S21: B2
A22: 217 | B22: PB | C22: NGUYEN | D22: HOAI THANH | E22: NGUYEN HOAI THANH | F22: SGD AMA | G22: 367818233 | H22: hunggpml01@gmail.com | I22: 28/08/1978 | J22: F | K22: I | L22: 34178005875 | M22: 29/11/2025 | N22: 4.5 | O22: 3.5 | P22: 4.5 | Q22: 5.5 | R22: 4 | S22: B1
A23: 226 | B23: PB | C23: NGUYEN | D23: MINH DUNG | E23: NGUYEN MINH DUNG | F23: SGD AMA | G23: 987307306 | H23: minhdungkh25@gmail.com | I23: 25/01/1979 | J23: M | K23: I | L23: 1079033488 | M23: 29/11/2025 | N23: AB | O23: AB | P23: AB | Q23: AB | R23: AB | S23: AB
A24: 227 | B24: PB | C24: NGUYEN | D24: MINH GIANG | E24: NGUYEN MINH GIANG | F24: SGD AMA | G24: 982134533 | H24: giangbinhka@gmail.com | I24: 28491 | J24: F | K24: I | L24: 2178000027 | M24: 29/11/2025 | N24: 5.5 | O24: 5 | P24: 5.5 | Q24: 6 | R24: 5 | S24: B2
A25: 243 | B25: PB | C25: NGUYEN | D25: THE HUE | E25: NGUYEN THE HUE | F25: SGD AMA | G25: 983290903 | H25: nguyenthehue0903@gmail.com | I25: 28371 | J25: M | K25: I | L25: 1077040753 | M25: 29/11/2025 | N25: AB | R25: AB | S25: AB
A26: 244 | B26: PB | C26: NGUYEN | D26: THI ANH | E26: NGUYEN THI ANH | F26: SGD AMA | G26: 967932583 | H26: minhanh271.ad@gmail.com | I26: 29593 | J26: F | K26: I | L26: 26181006803 | M26: 29/11/2025 | N26: 5 | O26: 4 | P26: 5.5 | Q26: 6 | R26: 5 | S26: B1
A27: 250 | B27: PB | C27: NGUYEN | D27: THI BICH NGOC | E27: NGUYEN THI BICH NGOC | F27: SGD AMA | G27: 987380879 | H27: ngocqueo76@gmail.com | I27: 21/10/1976 | J27: F | K27: I | L27: 1176033068 | M27: 29/11/2025 | N27: 5 | O27: 4 | P27: 5.5 | Q27: 5.5 | R27: 5.5 | S27: B1
A28: 272 | B28: PB | C28: NGUYEN | D28: THI HONG THAM | E28: NGUYEN THI HONG THAM | F28: SGD AMA | G28: 962059966 | H28: thammyhieu@gmail.com | I28: ######## | J28: F | K28: I | L28: 1177017369 | M28: 29/11/2025 | N28: 4.5 | O28: 4 | P28: 4.5 | Q28: 5.5 | R28: 4 | S28: B1
A29: 274 | B29: PB | C29: NGUYEN | D29: THI HONG VAN | E29: NGUYEN THI HONG VAN | F29: SGD AMA | G29: 989859935 | H29: vannquan123@gmail.com | I29: 27918 | J29: F | K29: I | L29: 1176048717 | M29: 29/11/2025 | N29: 4 | O29: 4 | P29: 3.5 | Q29: 5 | R29: 4 | S29: B1
A30: 282 | B30: PB | C30: NGUYEN | D30: THI KIM ANH | E30: NGUYEN THI KIM ANH | F30: SGD AMA | G30: 983322900 | H30: nguyenanh.c2tl@gmail.com | I30: 29/04/1984 | J30: F | K30: I | L30: 1184025932 | M30: 29/11/2025 | N30: 4.5 | O30: 3.5 | P30: 4 | Q30: 6 | R30: 5 | S30: B1
A31: 295 | B31: PB | C31: NGUYEN | D31: THI MAI HUONG | E31: NGUYEN THI MAI HUONG | F31: SGD AMA | G31: 368600286 | H31: ntmh.maihuong7878@gmail.com | I31: 18/11/1978 | J31: F | K31: I | L31: 1178021868 | M31: 29/11/2025 | N31: 6 | O31: 5.5 | P31: 6.5 | Q31: 6 | R31: 5.5 | S31: B2
A32: 304 | B32: PB | C32: NGUYEN | D32: THI NGA | E32: NGUYEN THI NGA | F32: SGD AMA | G32: 983985218 | H32: Nguyennga218@gmail.com | I32: 24/06/1985 | J32: F | K32: I | L32: 35185004411 | M32: 29/11/2025 | N32: 5 | O32: 4 | P32: 5.5 | Q32: 5.5 | R32: 4.5 | S32: B1
A33: 310 | B33: PB | C33: NGUYEN | D33: THI NHUNG | E33: NGUYEN THI NHUNG | F33: SGD AMA | G33: 984351978 | H33: nhungntda.1978@gmail.com | I33: 21/02/1978 | J33: F | K33: I | L33: 1178029456 | M33: 29/11/2025 | N33: AB | R33: AB | S33: AB
A34: 313 | B34: PB | C34: NGUYEN | D34: THI PHUONG | E34: NGUYEN THI PHUONG | F34: SGD AMA | G34: 963039411 | H34: phuonga22276@gmail.com | I34: 22/02/1976 | J34: F | K34: I | L34: 1176053581 | M34: 29/11/2025 | N34: 5.5 | O34: 5 | P34: 5 | Q34: 6 | R34: 5 | S34: B2
A35: 317 | B35: PB | C35: NGUYEN | D35: THI PHUONG ANH | E35: NGUYEN THI PHUONG ANH | F35: SGD AMA | G35: 383636998 | H35: thanhp.anh@gmail.com | I35: 28738 | J35: F | K35: I | L35: 1178003953 | M35: 29/11/2025 | N35: 6.5 | O35: 5.5 | P35: 8.5 | Q35: 6.5 | R35: 5.5 | S35: B2
A36: 322 | B36: PB | C36: NGUYEN | D36: THI QUYNH THU | E36: NGUYEN THI QUYNH THU | F36: SGD AMA | G36: 985559286 | H36: quynhthu1912@gmail.com | I36: 19/12/1986 | J36: F | K36: I | L36: 1186019155 | M36: 29/11/2025 | N36: 5 | O36: 4 | P36: 6 | Q36: 6 | R36: 4.5 | S36: B1
A37: 326 | B37: PB | C37: NGUYEN | D37: THI THAM | E37: NGUYEN THI THAM | F37: SGD AMA | G37: 968029869 | H37: tham11101978@gmail.com | I37: ######## | J37: F | K37: I | L37: 1178010346 | M37: 29/11/2025 | N37: 5 | O37: 4.5 | P37: 4.5 | Q37: 5.5 | R37: 5.5 | S37: B1
A38: 334 | B38: PB | C38: NGUYEN | D38: THI THAO | E38: NGUYEN THI THAO | F38: SGD AMA | G38: 966363111 | H38: thaoml51@gmail.com | I38: 27920 | J38: F | K38: I | L38: 1176040670 | M38: 29/11/2025 | N38: 4.5 | O38: 3.5 | P38: 4.5 | Q38: 5 | R38: 4 | S38: B1
A39: 335 | B39: PB | C39: NGUYEN | D39: THI THINH | E39: NGUYEN THI THINH | F39: SGD AMA | G39: 396438297 | H39: nguyenthinhtda@gmail.com | I39: ######## | J39: F | K39: I | L39: 1180020741 | M39: 29/11/2025 | N39: 5 | O39: 4 | P39: 4.5 | Q39: 6 | R39: 5.5 | S39: B1
A40: 343 | B40: PB | C40: NGUYEN | D40: THI THU HUONG | E40: NGUYEN THI THU HUONG | F40: SGD AMA | G40: 964927026 | H40: nguyenthuhuong0196@gmail.com | I40: 26/06/1994 | J40: F | K40: I | L40: 1194006005 | M40: 29/11/2025 | N40: 5 | O40: 4 | P40: 5.5 | Q40: 6 | R40: 5 | S40: B1
A41: 377 | B41: PB | C41: NGUYEN | D41: THI YEN | E41: NGUYEN THI YEN | F41: SGD AMA | G41: 984681216 | H41: yennguyenyen1975@gmail.com | I41: 27/01/1975 | J41: F | K41: I | L41: 1175014156 | M41: 29/11/2025 | N41: 4.5 | O41: 3 | P41: 4.5 | Q41: 5.5 | R41: 4.5 | S41: B1
A42: 389 | B42: PB | C42: NGUYEN | D42: VAN DUNG | E42: NGUYEN VAN DUNG | F42: SGD AMA | G42: 982851438 | H42: vandungnguyen79@gmail.com | I42: 28/11/1979 | J42: M | K42: I | L42: 1079050226 | M42: 29/11/2025 | N42: 5 | O42: 4.5 | P42: 5 | Q42: 5.5 | R42: 5 | S42: B1
A43: 391 | B43: PB | C43: NGUYEN | D43: VAN KHIEM | E43: NGUYEN VAN KHIEM | F43: SGD AMA | G43: 972512077 | H43: khiemnv1977@gmail.com | I43: ######## | J43: M | K43: I | L43: 1077024738 | M43: 29/11/2025 | N43: 4.5 | O43: 3.5 | P43: 4 | Q43: 5.5 | R43: 4.5 | S43: B1
A44: 394 | B44: PB | C44: NHU | D44: THI TOAN NANG | E44: NHU THI TOAN NANG | F44: SGD AMA | G44: 978128811 | H44: nguyenquocdongnang@gmail.com | I44: 15/10/1977 | J44: F | K44: I | L44: 1177009345 | M44: 29/11/2025 | N44: 5.5 | O44: 4.5 | P44: 5.5 | Q44: 6 | R44: 6 | S44: B2
A45: 397 | B45: PB | C45: PHAM | D45: THI CUU | E45: PHAM THI CUU | F45: SGD AMA | G45: 379908976 | H45: rose@gmail.com | I45: ######## | J45: F | K45: I | L45: 1176046134 | M45: 29/11/2025 | N45: 4.5 | O45: 3.5 | P45: 4.5 | Q45: 5.5 | R45: 5 | S45: B1
A46: 401 | B46: PB | C46: PHAM | D46: THI HONG THUY | E46: PHAM THI HONG THUY | F46: SGD AMA | G46: 989487205 | H46: thuyphongtoantruc@gmail.com | I46: 17/10/1979 | J46: F | K46: I | L46: 1179028050 | M46: 29/11/2025 | N46: 5 | O46: 3.5 | P46: 6 | Q46: 5 | R46: 5.5 | S46: B1
A47: 420 | B47: PB | C47: PHAN | D47: THI THU PHUONG | E47: PHAN THI THU PHUONG | F47: SGD AMA | G47: 904089860 | H47: thaivnkod@gmail.com | I47: ######## | J47: F | K47: I | L47: 1180056849 | M47: 29/11/2025 | N47: 6 | O47: 5 | P47: 6.5 | Q47: 6 | R47: 6 | S47: B2
A48: 424 | B48: PB | C48: PHUNG | D48: THI KIM THAO | E48: PHUNG THI KIM THAO | F48: SGD AMA | G48: 389690842 | H48: thaodu77@gmail.com | I48: 28/05/1977 | J48: F | K48: I | L48: 1177009537 | M48: 29/11/2025 | N48: 4 | O48: 3.5 | P48: 4.5 | Q48: 5 | R48: 3.5 | S48: B1
A49: 432 | B49: PB | C49: TA | D49: QUANG NGUYEN | E49: TA QUANG NGUYEN | F49: SGD AMA | G49: 973103979 | H49: nguyenquangta75@gmail.com | I49: 27578 | J49: M | K49: I | L49: 1075010580 | M49: 29/11/2025 | N49: 4.5 | O49: 4 | P49: 4.5 | Q49: 5.5 | R49: 4 | S49: B1
A50: 445 | B50: PB | C50: TRAN | D50: MAI HUONG | E50: TRAN MAI HUONG | F50: SGD AMA | G50: 969535875 | H50: hoangtruong19732014@gmail.com | I50: 19/05/1975 | J50: F | K50: I | L50: 1175023937 | M50: 29/11/2025 | N50: 5 | O50: 4.5 | P50: 5 | Q50: 5.5 | R50: 4.5 | S50: B1
A51: 447 | B51: PB | C51: TRAN | D51: THI BICH HIEN | E51: TRAN THI BICH HIEN | F51: SGD AMA | G51: 986332160 | H51: bichhien1td@gmail.com | I51: ######## | J51: F | K51: I | L51: 26179008039 | M51: 29/11/2025 | N51: 5 | O51: 3.5 | P51: 4.5 | Q51: 6 | R51: 5 | S51: B1
A52: 450 | B52: PB | C52: TRAN | D52: THI HUE | E52: TRAN THI HUE | F52: SGD AMA | G52: 986414558 | H52: Huetranc3tg@gmail.com | I52: 20/02/1976 | J52: F | K52: I | L52: 1176004956 | M52: 29/11/2025 | N52: 4.5 | O52: 4 | P52: 3.5 | Q52: 6 | R52: 5 | S52: B1
A53: 456 | B53: PB | C53: TRAN | D53: THI THANH TAM | E53: TRAN THI THANH TAM | F53: SGD AMA | G53: 977604640 | H53: puremind315@gmail.com | I53: 31/05/1983 | J53: F | K53: I | L53: 26183003026 | M53: 29/11/2025 | N53: 5 | O53: 4 | P53: 5 | Q53: 6 | R53: 4 | S53: B1
A54: 462 | B54: PB | C54: TRAN | D54: THI THU HIEN | E54: TRAN THI THU HIEN | F54: SGD AMA | G54: 978933637 | H54: tranhientd1977@gmail.com | I54: ######## | J54: F | K54: I | L54: 1177043501 | M54: 29/11/2025 | N54: 3.5 | O54: 2 | P54: 4 | Q54: 4 | R54: 4 | S54: Below B1
A55: 466 | B55: PB | C55: TRAN | D55: THI TRANG | E55: TRAN THI TRANG | F55: SGD AMA | G55: 868688187 | H55: tantrang040521@gmail.com | I55: 24/01/1987 | J55: F | K55: I | L55: 1187041867 | M55: 29/11/2025 | N55: 5.5 | O55: 4.5 | P55: 6 | Q55: 6 | R55: 5 | S55: B2
A56: 472 | B56: PB | C56: TRINH | D56: THI THU HUONG | E56: TRINH THI THU HUONG | F56: SGD AMA | G56: 966686279 | H56: huongnn227@gmail.com | I56: 22/07/1975 | J56: F | K56: I | L56: 1175013832 | M56: 29/11/2025 | N56: AB | R56: AB | S56: AB
A57: 477 | B57: PB | C57: VO | D57: THI THU HUONG | E57: VO THI THU HUONG | F57: SGD AMA | G57: 967808833 | H57: vohuong2078@gmail.com | I57: 20/12/1978 | J57: F | K57: I | L57: 42178004339 | M57: 29/11/2025 | N57: 5.5 | O57: 5 | P57: 6 | Q57: 6 | R57: 5.5 | S57: B2
A58: 479 | B58: PB | C58: VU | D58: HUNG QUANG | E58: VU HUNG QUANG | F58: SGD AMA | G58: 986763117 | H58: hungquang1975@gmail.com | I58: 14/11/1975 | J58: M | K58: I | L58: 1075011375 | M58: 29/11/2025 | N58: 3.5 | O58: 2 | P58: 4.5 | Q58: 4 | R58: 4 | S58: Below B1
A59: 485 | B59: PB | C59: VU | D59: THI KIM THANH | E59: VU THI KIM THANH | F59: SGD AMA | G59: 982213478 | H59: vuthikimthanh2013@gmail.com | I59: 23/07/1978 | J59: F | K59: I | L59: 1178013783 | M59: 29/11/2025 | N59: 5.5 | O59: 5.5 | P59: 6 | Q59: 5.5 | R59: 5.5 | S59: B2

Sheet DSTG
A1: STT | B1: Dấu thời gian | C1: Đơn vị giảng dạy | D1: Trường học nơi thầy/cô đang công tác (ví dụ TH/THCS/ THPT Đoàn Kết) | E1: Mã ngạch viên chức | F1: Lớp theo danh sách của Sở | G1: Title (Ông - Mr/Bà - Miss) | H1: HỌ (VIẾT HOA KHÔNG DẤU) | I1: TÊN ĐỆM VÀ TÊN (VIẾT HOA KHÔNG DẤU) | J1: NAME | K1: Giới tính: (Nam - Male/Nữ - Female) | L1: Ngày sinh (Tháng/ngày/năm) | M1: Số điện thoại di động | N1: Email đăng ký dự thi | O1: Chọn giấy tờ tùy thân: CCCD | P1: Số CCCD | Q1: Ngày hết hạn CCCD | R1: File ảnh CCCD mặt trước | S1: File ảnh CCCD mặt sau | T1: Số Hộ chiếu | U1: Ngày hết hạn hộ chiếu | V1: File ảnh Hộ chiếu | W1: Ngày thi nói | X1: Địa chỉ email | Y1: Địa chỉ:
A2: 1 | B2: 45968.429 | C2: AMA | D2: THCS Thanh Lâm B | E2: Giáo viên trung học cơ sở hạng II - V.07.04.31 | F2: L10 | G2: Miss | H2: PHAM | I2: THI NGOAN | J2: PHAM THI NGOAN | K2: Female | L2: 28180 | M2: 382460977 | N2: hungngoan1977@gmail.com | O2: National identity | P2: 035177003912 | Q2: 50095 | R2: https://drive.google.com/open?id=1D1X7neiq8ARAgYbnZTr2SuT91QqLFhyW | S2: https://drive.google.com/open?id=1uwhJQNwW9cvr0xSKqL6FVQdouA6YMg3G | W2: 45990
A3: 2 | B3: 45968.701 | C3: AMA | D3: THPT Vân Nội | E3: Giáo viên trung học phổ thông hạng III - V.07.05.15 | F3: L10 | G3: Miss | H3: TRAN | I3: THI THU HIEN | J3: TRAN THI THU HIEN | K3: Female | L3: 27870 | M3: 963690015 | N3: hiethu197620@gmail.com | O3: National identity | P3: 001176040741 | Q3: 49785 | R3: https://drive.google.com/open?id=1Rj4pAwCv-xueteofcmDvhrGFrNd-BjTS | S3: https://drive.google.com/open?id=1tffdmoxBF_rkmGKbRxdgt-qVhcc00VU1 | W3: 45990
A4: 3 | B4: 45968.706 | C4: AMA | D4: THCS Thanh Lâm B | E4: Giáo viên trung học cơ sở hạng II - V.07.04.31 | F4: L10 | G4: Miss | H4: NGUYEN | I4: THI THUY | J4: NGUYEN THI THUY | K4: Female | L4: 27671 | M4: 989728669 | N4: thuyhuyen75@gmail.com | O4: National identity | P4: 001175045442 | Q4: 49586 | R4: https://drive.google.com/open?id=1QFRJVZAUDIYaU0ZB4MT8Vq97UklBYumo | S4: https://drive.google.com/open?id=1L8oRPBnDS2GkFMfqVd6MGhJMqG3oAvWV | W4: 45990
A5: 4 | B5: 45962.88 | C5: AMA | D5: TH KIM HOA A | E5: Giáo viên tiểu học hạng II – V.07.03.28 | F5: L18 | G5: Miss | H5: NGO | I5: THI THANH THUY | J5: NGO THI THANH THUY | K5: Female | L5: 28396 | M5: 986244026 | N5: ngothuy0977@gmail.com | O5: National identity | P5: 001177032960 | Q5: 50311 | R5: https://drive.google.com/open?id=1dwOXz6Yc55cIV4yKz3S4jYNylJiVZkGw | S5: https://drive.google.com/open?id=1COapAXpbaTx9M_BigdOlq2fnoZMZmhyr | W5: 45990
A6: 5 | B6: 45962.912 | C6: AMA | D6: THCS Kim Hoa | E6: Giáo viên trung học cơ sở hạng II - V.07.04.31 | F6: L18 | G6: Miss | H6: NGO | I6: THI HONG DUONG | J6: NGO THI HONG DUONG | K6: Female | L6: 27668 | M6: 358060974 | N6: hongduong975@gmail.com | O6: National identity | P6: 001175030348 | Q6: 49583 | R6: https://drive.google.com/open?id=14qxwi3_HVgXBK87ilpcEEqP1Wp3QfE9h | S6: https://drive.google.com/open?id=1Uf_Q9CJa9kYtHmBmfpORgPrhzHAiOOvT | W6: 45990
A7: 6 | B7: 45962.927 | C7: AMA | D7: THCS Phạm Hồng Thái | E7: Giáo viên trung học cơ sở hạng III - V.07.04.32 | F7: L18 | G7: Miss | H7: PHUNG | I7: THI KIM THAO | J7: PHUNG THI KIM THAO | K7: Female | L7: 28273 | M7: 389690842 | N7: thaodu77@gmail.com | O7: National identity | P7: 001177009537 | Q7: 50188 | R7: https://drive.google.com/open?id=1ulIT4bxf1lWRPqyMMJVYF7sChAUKLsQd | S7: https://drive.google.com/open?id=1wyD0GN-qkzIQQtFZVVZNeweV68mYjT-L | W7: 45990
A8: 7 | B8: 45963.5 | C8: AMA | D8: THCS Thanh Lâm B | E8: Giáo viên trung học cơ sở hạng III - V.07.04.32 | F8: L18 | G8: Miss | H8: NGUYEN | I8: PHUONG LIEN | J8: NGUYEN PHUONG LIEN | K8: Female | L8: 29508 | M8: 967115904 | N8: phuonglien2122@gmail.com | O8: National identity | P8: ‘026180011021 | Q8: 44420 | R8: https://drive.google.com/open?id=129kYJ1r4F-Q2RqQiz9jl05zDAnMP6jkj | S8: https://drive.google.com/open?id=1BYDEqctI9f8YRrnHwkGr7hrYDMCoMeGh | W8: 45990
A9: 8 | B9: 45964.938 | C9: AMA | D9: THCS Tam Đồng | E9: Giáo viên trung học cơ sở hạng II - V.07.04.31 | F9: L18 | G9: Miss | H9: NGUYEN | I9: THI THAO | J9: NGUYEN THI THAO | K9: Female | L9: 27920 | M9: 966363111 | N9: thaoml51@gmail.com | O9: National identity | P9: 001176040670 | Q9: 49835 | R9: https://drive.google.com/open?id=1qSRKOc0ImDhECfvUA_vlBFXEAsM-nY4M | S9: https://drive.google.com/open?id=1m6guaRKU7WDo9PsXhOrQPOtorN8uXYh4 | W9: 45990
A10: 9 | B10: 45965.654 | C10: AMA | D10: THCS Tam Đồng | E10: Giáo viên trung học cơ sở hạng II - V.07.04.31 | F10: L18 | G10: Miss | H10: TRAN | I10: THI THU HIEN | J10: TRAN THI THU HIEN | K10: Female | L10: 28436 | M10: 978933637 | N10: tranhientd1977@gmail.com | O10: National identity | P10: 001177043501 | Q10: 50351 | R10: https://drive.google.com/open?id=1QIuu9TQyxMgbIoytZmjsZZum_podiezO | S10: https://drive.google.com/open?id=1hKPG2FhVKkFjRBNYMBNvI9tUYotAkL6x | T10: 001177043501 | U10: 50351 | V10: https://drive.google.com/open?id=1wwRQO5DiGMgM5-VzysSHz7tB6Wnl__W1 | W10: 45990
A11: 10 | B11: 45966.84 | C11: AMA | D11: THCS Trung Giã | E11: Giáo viên trung học cơ sở hạng III - V.07.04.32 | F11: L18 | G11: Miss | H11: NGUYEN | I11: THI HONG VAN | J11: NGUYEN THI HONG VAN | K11: Female | L11: 27918 | M11: 989859935 | N11: vannquan123@gmail.com | O11: National identity | P11: 001176048717 | Q11: 49833 | R11: https://drive.google.com/open?id=19bLDyrDioXKFSuqgWQN1fLre-TB-zUuM | S11: https://drive.google.com/open?id=1cf12qGUbaA8iaE9xjNr6i4xwbpaUrW2l | W11: 45990
A12: 11 | B12: 45967.385 | C12: AMA | D12: THCS Hồng Kỳ | E12: Giáo viên trung học cơ sở hạng II - V.07.04.31 | F12: L18 | G12: Miss | H12: NGUYEN | I12: THI YEN | J12: NGUYEN THI YEN | K12: Female | L12: 27421 | M12: 984681216 | N12: yennguyenyen1975@gmail.com | O12: National identity | P12: 001175014156 | Q12: 49336 | R12: https://drive.google.com/open?id=12PN8RIHT8qCVZ9rGtSTqyxdl6w8eC0ri | S12: https://drive.google.com/open?id=1NpoPjYDrvLzjXRKo6R8uz6HLfgp1SsKx | W12: 45990
A13: 12 | B13: 45968.4 | C13: AMA | D13: THCS Tráng Việt | E13: Giáo viên trung học cơ sở hạng II - V.07.04.31 | F13: L18 | G13: Mr | H13: VU | I13: HUNG QUANG | J13: VU HUNG QUANG | K13: Male | L13: 27712 | M13: 986763117 | N13: hungquang1975@gmail.com | O13: National identity | P13: 001075011375 | Q13: 49627 | R13: https://drive.google.com/open?id=1eGA_OQmubU7ymPQitJJivKSZmWi2t-nu | S13: https://drive.google.com/open?id=1IaosiBJ4Qj4L84jiVPx6YmchN_XYoRnQ | W13: 45990
A14: 13 | B14: 45972.609 | C14: AMA | D14: THCS Tiến Thắng | E14: V07.04.11 | F14: L18 | G14: Miss | H14: BUI | I14: MAI LAN | J14: BUI MAI LAN | K14: Female | L14: 28444 | M14: 0973438488 | N14: buimailan8@gmail.com | O14: National identity | P14: 025177005125 | Q14: 50359 | R14: https://drive.google.com/open?id=1xx2Y1i25rROVYjaONPUCEGtDTi1q5WrU | S14: https://drive.google.com/open?id=18tVQ_jXYleMAveZwVmqQxq_UB-oHS0E8
A15: 14 | B15: 45962.813 | C15: AMA | D15: THPT TIẾN THỊNH | E15: Giáo viên trung học phổ thông hạng II - V.07.05.14 | F15: L19 | G15: Miss | H15: NGUYEN | I15: THI NGA | J15: NGUYEN THI NGA | K15: Female | L15: 31222 | M15: 983985218 | N15: Nguyennga218@gmail.com | O15: National identity | P15: 035185004411 | Q15: 53137 | R15: https://drive.google.com/open?id=1qsqELRBE4PmS7st53zN8W79n-TwL2mc0 | S15: https://drive.google.com/open?id=1DMXIRXBf7pj97P5saYyegAOgAC1MkNKV | W15: 45990
A16: 15 | B16: 45963.75 | C16: AMA | D16: THCS Văn Khê | E16: Giáo viên trung học cơ sở hạng II - V.07.04.31 | F16: L19 | G16: Mr | H16: NGUYEN | I16: VAN DUNG | J16: NGUYEN VAN DUNG | K16: Male | L16: 29187 | M16: 982851438 | N16: vandungnguyen79@gmail.com | O16: National identity | P16: 001079050226 | Q16: 51102 | R16: https://drive.google.com/open?id=1ujxJESguLglccH0ktyRWWbVIQVKhUshU | S16: https://drive.google.com/open?id=1-aDHF-3L-B7AbtzzbjqSR3MSutHO24ka | W16: 45990
A17: 16 | B17: 45964.666 | C17: AMA | D17: THCS Xuân Nộn | E17: Giáo viên trung học cơ sở hạng II - V.07.04.31 | F17: L19 | G17: Miss | H17: PHAM | I17: THI CUU | J17: PHAM THI CUU | K17: Female | L17: 28072 | M17: 379908976 | N17: rose@gmail.com | O17: National identity | P17: 001176046134 | Q17: 49987 | R17: https://drive.google.com/open?id=1gaefBEVNRwUUsR9QE_RmWoG08XNf5p1z | S17: https://drive.google.com/open?id=1POkUaRAcdYUlI_H62a0Lecv3WF5vfGWO | W17: 45994
A18: 17 | B18: 45965.441 | C18: AMA | D18: THCS Tráng Việt | E18: Giáo viên trung học cơ sở hạng II - V.07.04.31 | F18: L19 | G18: Miss | H18: LE | I18: THI HANH | J18: LE THI HANH | K18: Female | L18: 28631 | M18: 978388044 | N18: lehanhanh78@gmail.com | O18: National identity | P18: 001178029862 | Q18: 50546 | R18: https://drive.google.com/open?id=1ZWn6sUejpbTUV02a8KEd6bDrgtIs89rj | S18: https://drive.google.com/open?id=10oZyDb0gUAkb3SlVUxyOKnMrBJ906RKm | W18: 01/12/2025
A19: 18 | B19: 45967.335 | C19: AMA | D19: TH Thạch Đà B | E19: Giáo viên tiểu học hạng II – V.07.03.28 | F19: L19 | G19: Miss | H19: LE | I19: THI LOAN | J19: LE THI LOAN | K19: Female | L19: 29896 | M19: 968103693 | N19: leloantdb2025@gmail.com | O19: National identity | P19: 001181004093 | Q19: 51811 | R19: https://drive.google.com/open?id=1Omu2wKemEKGlv_cgmeO5E6AaDKmJmer- | S19: https://drive.google.com/open?id=1iRfT8yeXzKS3DXLTmXcxrydBTRpr6lKs | W19: 45990
A20: 19 | B20: 45967.376 | C20: AMA | D20: THCS Tiền Phong | E20: Giáo viên trung học cơ sở hạng II - V.07.04.31 | F20: L19 | G20: Miss | H20: NGUYEN | I20: THI THAM | J20: NGUYEN THI THAM | K20: Female | L20: 28774 | M20: 968029869 | N20: tham11101978@gmail.com | O20: National identity | P20: 001178010346 | Q20: 50689 | R20: https://drive.google.com/open?id=1Aa0wSTbVYRfN0zmJ2cau4uC0mR8bC1ov | S20: https://drive.google.com/open?id=1byzHs6nPN8ZiCUchYaVMO0617p6_sUR0 | W20: 45990
A21: 20 | B21: 45967.416 | C21: AMA | D21: THPT Đông Anh | E21: Giáo viên trung học phổ thông hạng III - V.07.05.15 | F21: L19 | G21: Miss | H21: NGUYEN | I21: THI NHUNG | J21: NGUYEN THI NHUNG | K21: Female | L21: 28542 | M21: 984351978 | N21: nhungntda.1978@gmail.com | O21: National identity | P21: 001178029456 | Q21: 50457 | R21: https://drive.google.com/open?id=115LnKXYa_W97LSBtBoXVt9Dqr7IVcz-Y | S21: https://drive.google.com/open?id=1anoiHCNE9o25OZiOPK7DiS8-FU_ZdKfR | W21: 45993
A22: 21 | B22: 45967.671 | C22: AMA | D22: TH Đại Thịnh B | E22: Giáo viên tiểu học hạng II – V.07.03.28 | F22: L19 | G22: Miss | H22: NGUYEN | I22: HOAI THANH | J22: NGUYEN HOAI THANH | K22: Female | L22: 28730 | M22: 367818233 | N22: hunggpml01@gmail.com | O22: National identity | P22: 034178005875 | Q22: 28730 | R22: https://drive.google.com/open?id=1vxOgHlDzj5GI04dZuLAVeX8DjUI2IsSB | S22: https://drive.google.com/open?id=1zhgyJqLZ7bHJVNSSSW9XO11Q-bFFNj4I | W22: 45990
A23: 22 | B23: 45968.392 | C23: AMA | D23: THPT Tiến Thịnh | E23: Giáo viên trung học phổ thông hạng II - V.07.05.14 | F23: L19 | G23: Miss | H23: LE | I23: THI BICH HUONG | J23: LE THI BICH HUONG | K23: Female | L23: 30803 | M23: 987709904 | N23: tanamkhanhhuy@gmail.com | O23: National identity | P23: 001184058569 | Q23: 52718 | R23: https://drive.google.com/open?id=1CEwdajPqvA4nYhwDW9dZcDXTSTBXWlLv | S23: https://drive.google.com/open?id=1Bl1-MylwiUXKmxTHXGa7gbq4obbEqEhN | W23: 45990
A24: 23 | B24: 45968.473 | C24: AMA | D24: THPT Đông Anh | E24: Giáo viên trung học phổ thông hạng III - V.07.05.15 | F24: L19 | G24: Mr | H24: NGUYEN | I24: THE HUE | J24: NGUYEN THE HUE | K24: Male | L24: 28193 | M24: 983290903 | N24: nguyenthehue0903@gmail.com | O24: National identity | P24: 001077040753 | Q24: 50108 | R24: https://drive.google.com/open?id=1NnvNA609TLkxJ83pTnA899wl0mc4Aala | S24: https://drive.google.com/open?id=1nuvBElRYhIgsgGe0YDchgHXQBo8x6GUf | W24: 01/12/2025
A25: 24 | B25: 45962.8 | C25: AMA | D25: THPT NGỌC TẢO | E25: Giáo viên trung học phổ thông hạng III - V.07.05.15 | F25: L20 | G25: Miss | H25: TRAN | I25: THI TRANG | J25: TRAN THI TRANG | K25: Female | L25: 31801 | M25: 868688187 | N25: tantrang040521@gmail.com | O25: National identity | P25: 001187041867 | Q25: 46411 | R25: https://drive.google.com/open?id=1CkBw_5EofgvJGjipFbRJtb6RzgdqPIrn | S25: https://drive.google.com/open?id=1l1-PLhhcQVN1DSvpeZK6786QIjv7eifU | W25: 45990
A26: 25 | B26: 45962.957 | C26: AMA | D26: THCS Kim Hoa | E26: Giáo viên trung học cơ sở hạng I - V.07.04.30 | F26: L20 | G26: Mr | H26: NGUYEN | I26: MINH DUNG | J26: NGUYEN MINH DUNG | K26: Male | L26: 28880 | M26: 987307306 | N26: minhdungkh25@gmail.com | O26: National identity | P26: 001079033488 | Q26: 50795 | R26: https://drive.google.com/open?id=15fagoAmh2L-JiMr6Y-ou2UR9GqUGcCFX | S26: https://drive.google.com/open?id=17EpX-1GtNZoskh29fPCB9Tvrs-rnbo2D | T26: C510532707 | U26: 46880 | V26: https://drive.google.com/open?id=1RUOxMwSohV1IOZGdhfWnmVoapZjocg7k | W26: 45990
A27: 26 | B27: 45963.811 | C27: AMA | D27: THCS Tự Lập | E27: Giáo viên trung học cơ sở hạng II - V.07.04.31 | F27: L20 | G27: Miss | H27: NGUYEN | I27: THỊ KIM ANH | J27: NGUYEN THỊ KIM ANH | K27: Female | L27: 30801 | M27: 983322900 | N27: nguyenanh.c2tl@gmail.com | O27: National identity | P27: 001184025932 | Q27: 52716 | R27: https://drive.google.com/open?id=1euJR7jDwtRQKsDnH3nj5KbkJG9YkerKK | S27: https://drive.google.com/open?id=1-TVBKFinSmo9W_auhTbw4wREF8AgvIbg | W27: 45990
A28: 27 | B28: 45963.95 | C28: AMA | D28: THCS NGUYỄN DU | E28: Giáo viên trung học cơ sở hạng II - V.07.04.31 | F28: L20 | G28: Miss | H28: BÙI | I28: THỊ MAI THANH | J28: BÙI THỊ MAI THANH | K28: Female | L28: 27754 | M28: 947476368 | N28: buithanh26@gmal.com | O28: National identity | P28: 001175032774 | Q28: 49669 | R28: https://drive.google.com/open?id=1CKcujb0Lf03xKP1M3r0_HP8bJR6dvW-C | S28: https://drive.google.com/open?id=17i6HC0LNT0MmBJ2fNXz1Gko4JLU9yX6A | T28: KHÔNG CÓ | W28: 45990
A29: 28 | B29: 45964.287 | C29: AMA | D29: THCS Mai Đình | E29: Giáo viên trung học cơ sở hạng II - V.07.04.31 | F29: L20 | G29: Miss | H29: NGUYEN | I29: THI BICH NGOC | J29: NGUYEN THI BICH NGOC | K29: Female | L29: 28054 | M29: 987380879 | N29: ngocqueo76@gmail.com | O29: National identity | P29: 001176033068 | Q29: 49969 | R29: https://drive.google.com/open?id=1dRgto784GvW82a0WqPZFcZBj_qTanNdr | S29: https://drive.google.com/open?id=1Zm_Qmjfln8k6jYojNVyUsgfrO5xtjEZZ | W29: 45990
A30: 29 | B30: 45964.888 | C30: AMA | D30: THCS Hồng Kỳ | E30: Giáo viên trung học cơ sở hạng II - V.07.04.31 | F30: L20 | G30: Mr | H30: TA | I30: QUANG NGUYEN | J30: TA QUANG NGUYEN | K30: Male | L30: 27460 | M30: 973103979 | N30: nguyenquangta75@gmail.com | O30: National identity | P30: 001075010580 | Q30: 12850 | R30: https://drive.google.com/open?id=1-Alf5l4mgUoJRnb9-wWrtHRmdXapJcXO | S30: https://drive.google.com/open?id=1Q48qeg4nda5UpqGACWwSYxt0NaAgJ4oD | W30: 45990
A31: 30 | B31: 45966.824 | C31: AMA | D31: THCS Nam Sơn | E31: Giáo viên trung học cơ sở hạng II - V.07.04.31 | F31: L20 | G31: Miss | H31: NGUYEN | I31: THI HONG THAM | J31: NGUYEN THI HONG THAM | K31: Female | L31: 28465 | M31: 962059966 | N31: thammyhieu@gmail.com | O31: National identity | P31: ‘001177017369 | Q31: 50380 | R31: https://drive.google.com/open?id=1GEk_uoRuMVVXryI-edtqvQlHvZlAmJqv | S31: https://drive.google.com/open?id=1rsl4SCDi4a3iXBELyxmPdcTaHqq0XJe5 | W31: 45990
A32: 31 | B32: 45966.854 | C32: AMA | D32: THCS Trung Giã | E32: V.07.04.12 | F32: L20 | G32: Miss | H32: TRINH | I32: THI THU HUONG | J32: TRINH THI THU HUONG | K32: Female | L32: 27597 | M32: 966686279 | N32: huongnn227@gmail.com | O32: National identity | P32: 001175013832 | Q32: 49512 | R32: https://drive.google.com/open?id=1J1ekWLYHKeU8acI7UvmbWFIzZ6yyHIdP | S32: https://drive.google.com/open?id=1DOzR3Fzc3ikJH83onVe-ImCoZcpycOkC | W32: 45990
A33: 32 | B33: 45967.457 | C33: AMA | D33: THCS Tam Đồng | E33: Giáo viên trung học cơ sở hạng II - V.07.04.31 | F33: L20 | G33: Miss | H33: TRAN | I33: THI BICH HIEN | J33: TRAN THI BICH HIEN | K33: Female | L33: 28865 | M33: 986332160 | N33: bichhien1td@gmail.com | O33: National identity | P33: 026179008039 | Q33: 50780 | R33: https://drive.google.com/open?id=1I4BAF6XUtXX-SDHRlz1Axvznhf9kv65M | S33: https://drive.google.com/open?id=18kfHsjSD0Om9JhaH6tEkJnQPce3EzBK9 | W33: 45990
A34: 33 | B34: 45967.666 | C34: AMA | D34: THPT Trung Giã | E34: Giáo viên trung học phổ thông hạng III - V.07.05.15 | F34: L20 | G34: Miss | H34: TRAN | I34: THI HUE | J34: TRAN THI HUE | K34: Female | L34: 27810 | M34: 986414558 | N34: Huetranc3tg@gmail.com | O34: National identity | P34: 001176004956 | Q34: 49725 | R34: https://drive.google.com/open?id=1yTSp_qfbMXc4yAWVcOPNhSwZGqlgpiHd | S34: https://drive.google.com/open?id=14J1feT_McbeVB892zc93SHTECIssEt0K | W34: 45994
A35: 34 | B35: 45968.436 | C35: AMA | D35: THCS Chu Phan | E35: Giáo viên trung học cơ sở hạng II - V.07.04.31 | F35: L20 | G35: Mr | H35: NGUYEN | I35: VAN KHIEM | J35: NGUYEN VAN KHIEM | K35: Male | L35: 28348 | M35: 972512077 | N35: khiemnv1977@gmail.com | O35: National identity | P35: 001077024738 | Q35: 50263 | R35: https://drive.google.com/open?id=1pq8bYx0ML9Es3FcMbhXYZxQH3exPB2d6 | S35: https://drive.google.com/open?id=1D-YsPzmJ26J_dpcWwQRmWfHlXGda_ibY | W35: 45990
A36: 35 | B36: 45968.468 | C36: AMA | D36: THPT Ngọc Tảo | E36: hvhunganh@c3ngoctao.edu.vn | F36: L20 | G36: Mr | H36: HOANG | I36: VAN HUNG | J36: HOANG VAN HUNG | K36: Male | L36: 30385 | M36: 972981938 | N36: hvhunganh@c3ngoctao.edu.vn | O36: National identity | P36: 001083006421 | Q36: 52300 | R36: https://drive.google.com/open?id=1mOWf25Tq106txEOOA1cZs7KfcNgne0J7 | S36: https://drive.google.com/open?id=19wEyXIF0mTnPzemB-zzfFAIW5rjU-xYg | W36: 45990
A37: 36 | B37: 45969.591 | C37: AMA | D37: THPT Sóc Sơn | E37: Giáo viên trung học phổ thông hạng III - V.07.05.15 | F37: L20 | G37: Miss | H37: LE | I37: THI DUNG | J37: LE THI DUNG | K37: Female | L37: 28141 | M37: 966099169 | N37: lethidung77@gmail.com | O37: National identity | P37: 001177014103 | Q37: 50056 | R37: https://drive.google.com/open?id=1sBV3GUvsBKFUQ6XTjrJYRsSLqYHv-6RF | S37: https://drive.google.com/open?id=1Rqh7d5bdNkChWOmRKorXvcQHceRrYb4s | W37: 45993
A38: 37 | B38: 45971.397 | C38: AMA | D38: THCS Phú Minh | E38: Giáo viên trung học cơ sở hạng II - V.07.04.31 | F38: L20 | G38: Miss | H38: DAM | I38: THI TU UYEN | J38: DAM THI TU UYEN | K38: Female | L38: 28753 | M38: 386286499 | N38: damtuuyen@gmail.com | O38: National identity | P38: 001178022441 | Q38: 50668 | R38: https://drive.google.com/open?id=1lKgxLmsGCAfv0DKWLh5ixR442gBg3NyO | S38: https://drive.google.com/open?id=1Si466HkaUhOsD_Fw1dP9zK6rMYVnD_9o | W38: 45990
A39: 38 | B39: 45962.945 | C39: AMA | D39: THCS Tiên Dương | E39: Giáo viên trung học cơ sở hạng II - V.07.04.31 | F39: L21 | G39: Miss | H39: LE | I39: THI MAI LAN | J39: LE THI MAI LAN | K39: Female | L39: 27131 | M39: 973116977 | N39: lemailanha@gmail.com | O39: National identity | P39: 001174036478 | Q39: 49046 | R39: https://drive.google.com/open?id=1G4z3mREEdKw3YoVK310VzkzQOKVtiYec | S39: https://drive.google.com/open?id=1-l_3mqSY-kH_G5x0zppcNVrX0_CsMdiG | W39: 45994
A40: 39 | B40: 45964.428 | C40: AMA | D40: THCS An Dương Vương | E40: Giáo viên trung học cơ sở hạng II - V.07.04.31 | F40: L21 | G40: Mr | H40: NGO | I40: VAN VIET | J40: NGO VAN VIET | K40: Male | L40: 28338 | M40: 975684918 | N40: gviet1977@gmail.com | O40: National identity | P40: 001077036817 | Q40: 50253 | R40: https://drive.google.com/open?id=1aA-EFwmWBJw2QmM5ztwCpWYcWsE1ulGZ | S40: https://drive.google.com/open?id=1hjv544gSXpRO2vdbZ6EOw5tyiUqrKZ-F | W40: 45993
... A55: 54 | B55: 45968.639 | C55: AMA | D55: THCS Phạm Hồng Thái | E55: Giáo viên trung học cơ sở hạng II - V.07.04.31 | F55: L23 | G55: Miss | H55: NGUYEN | I55: THI ANH | J55: NGUYEN THI ANH | K55: Female | L55: 29768 | M55: 967932583 | N55: minhanh271.ad@gmail.com | O55: National identity | P55: 026181006803 | Q55: 51683 | R55: https://drive.google.com/open?id=12KK3ioOB8ewVD1j7dZsnsk85oV8liwzE | S55: https://drive.google.com/open?id=1APyDwa6ZYfojg-SxePl0uG8S6F3glDQ- | W55: 45990
A56: 55 | B56: 45962.76 | C56: AMA | D56: THPT ĐOÀN KẾT HAI BÀ TRƯNG | E56: Giáo viên trung học phổ thông hạng II - V.07.05.14 | F56: L24 | G56: Miss | H56: VO | I56: THI THU HƯƠNG | J56: VO THI THU HƯƠNG | K56: Female | L56: 28844 | M56: 967808833 | N56: vohuong2078@gmail.com | O56: National identity | P56: ‘042178004339 | Q56: 44318 | R56: https://drive.google.com/open?id=1Riue2Ulj1j_iAtEfX_tlu4rw_uTY4sCK | S56: https://drive.google.com/open?id=1H8ygUB3QcajeNK_zYhNJ5dvRU0XyBpAO | V56: https://drive.google.com/open?id=1SrZd5Ew7a9Nyi4_jDr7OMg1pMWPSUt-Q | W56: 45994
A57: 56 | B57: 45962.814 | C57: AMA | D57: THPT Đông Anh | E57: Giáo viên trung học phổ thông hạng III - V.07.05.15 | F57: L24 | G57: Miss | H57: NGUYEN | I57: THI PHUONG ANH | J57: NGUYEN THI PHUONG ANH | K57: Female | L57: 28619 | M57: 383636998 | N57: thanhp.anh@gmail.com | O57: National identity | P57: 001178003953 | Q57: 50534 | R57: https://drive.google.com/open?id=1CMdqhr0lW4EeMy9BPZKQNZIbW1oZ0umj | S57: https://drive.google.com/open?id=1HZQOoH9mZiUPWJPxF4Fas1ckGvFn9Fsl | W57: 45994
A58: 57 | B58: 45963.644 | C58: AMA | D58: THCS Đông Hội | E58: Giáo viên trung học cơ sở hạng III - V.07.04.32 | F58: L24 | G58: Miss | H58: PHAN | I58: THI THU PHUONG | J58: PHAN THI THU PHUONG | K58: Female | L58: 29530 | M58: 904089860 | N58: thaivnkod@gmail.com | O58: National identity | P58: 001180056849 | Q58: 51445 | R58: https://drive.google.com/open?id=1hFQBqHpuBBCWyZV3yj-KfA14mmzVCTXD | S58: https://drive.google.com/open?id=14rMLANDocC03f3FTZsChzBst810YGxZ6 | W58: 45994
A59: 58 | B59: 45964.952 | C59: AMA | D59: THCS Hải Bối | E59: Giáo viên trung học cơ sở hạng II - V.07.04.31 | F59: L24 | G59: Miss | H59: NHU | I59: THI TOAN NĂNG | J59: NHU THI TOAN NĂNG | K59: Female | L59: 28413 | M59: 978128811 | N59: nguyenquocdongnang@gmail.com | O59: National identity | P59: 001177009345 | Q59: 50328 | R59: https://drive.google.com/open?id=18uEOc06IfM6nvRE8QdPaj-5mLMKpzDzn | S59: https://drive.google.com/open?id=16B9X4POr_VAAUSnzk5ce_3Y3hT1HB-9x | W59: 45994
A60: 59 | B60: 45968.415 | C60: AMA | D60: THPT Vân Nội | E60: Giáo viên trung học phổ thông hạng III - V.07.05.15 | F60: L24 | G60: Miss | H60: NGUYEN | I60: THI QUYNH THU | J60: NGUYEN THI QUYNH THU | K60: Female | L60: 31765 | M60: 985559286 | N60: quynhthu1912@gmail.com | O60: National identity | P60: 001186019155 | Q60: 46375 | R60: https://drive.google.com/open?id=1sj4QiuZ0gX_akpX_3c6vLhHO90lQhAGW | S60: https://drive.google.com/open?id=1lhhR9ODsYJVG5DMgHNNY_ESxTaoaa6Xy | W60: 45990
A61: 60 | B61: 45968.575 | C61: AMA | D61: THCS Ngô Quyền | E61: Giáo viên trung học cơ sở hạng II - V.07.04.31 | F61: L24 | G61: Miss | H61: DANG | I61: THI MAI PHUONG | J61: DANG THI MAI PHUONG | K61: Female | L61: 30721 | M61: 989897556 | N61: dangmaiphuong123@gmail.com | O61: National identity | P61: 001184057507 | Q61: 52636 | R61: https://drive.google.com/open?id=1VVa_1hEXHRVfc6D9qc8Kxox7prD12Xli | S61: https://drive.google.com/open?id=1FbeGeYoCfMRG4idw969muVGQJjuOu8vN | W61: 45994
A62: 61 | B62: 45963.744 | C62: AMA | D62: TH Xuân Canh Đông Anh | E62: Giáo viên tiểu học hạng II – V.07.03.28 | F62: L5 | G62: Miss | H62: TRAN | I62: THI THANH TAM | J62: TRAN THI THANH TAM | K62: Female | L62: 30467 | M62: 977604640 | N62: puremind315@gmail.com | O62: National identity | P62: 026183003026 | Q62: 52382 | R62: https://drive.google.com/open?id=14kRE3Vpa70p_-kVEJSz6oDSZq0zCrKlB | S62: https://drive.google.com/open?id=1k0v-dAgn5O9dWlU84szSAu-offWvxKkk | T62: E032337481 | U62: 49520 | V62: https://drive.google.com/open?id=1n5GtQOB58jyc2u3l3QTSevHX2I0cBTXU | W62: 45990

Sheet DSTM
A1: STT | B1: Dấu thời gian | C1: Đơn vị giảng dạy | D1: TTTrường học nơi thầy/cô đang công tác | E1: Mã ngạch viên chức | F1: Lớp theo danh sách của Sở | G1: Email đăng ký dự thi | H1: Title (Ông - Mr/Bà - Miss) | I1: HỌ (VIẾT HOA KHÔNG DẤU) | J1: TÊN ĐỆM VÀ TÊN (VIẾT HOA KHÔNG DẤU) | K1: NAME | L1: Giới tính: (Nam - Male/Nữ - Female) | M1: Ngày sinh (Tháng/ngày/năm) | N1: Số điện thoại di động | O1: Chọn giấy tờ tùy thân: CCCD (National identity) hoặc hộ chiếu (passport) | P1: Số CCCD | Q1: Ngày hết hạn CCCD | R1: File ảnh CCCD mặt trước | S1: File ảnh CCCD mặt sau | T1: Số Hộ chiếu | U1: Ngày hết hạn hộ chiếu | V1: Ảnh Hộ chiếu | W1: Chọn ngày thi | X1: Địa chỉ email | Y1: Địa chỉ:
A2: 1 | B2: 45963.608 | C2: AMA | D2: TH Vĩnh Ngọc | E2: Giáo viên tiểu học hạng III - V07.03.08 | F2: L22 | G2: thudiep77@gmail.com | H2: Miss | I2: DAM | J2: THI THU DIEP | K2: DAM THI THU DIEP | L2: Female | M2: 28469 | N2: 0904326943 | O2: National identity | P2: 001177019255 | Q2: 50384 | R2: https://drive.google.com/open?id=1ZWWsSx8ATea4tIqWLGDY2oxtBCJD_Iav | S2: https://drive.google.com/open?id=1rXv94HH02ZQviCcB1zQRnHG_f4JmhHWJ | W2: 16/12/2025
A3: 2 | B3: 45962.825 | C3: AMA | D3: Thcs Minh Trí | E3: Giáo viên trung học cơ sở hạng II - V.07.04.31 | F3: L24 | G3: habinhquytrong@gmail.com | H3: Miss | I3: DANG | J3: THI HA | K3: DANG THI HA | L3: Female | M3: 28432 | N3: 0976847610 | O3: National identity | P3: 019177000235 | Q3: 50347 | R3: https://drive.google.com/open?id=1wmU3ltsAoWWKdzgQdanZztasmfP0Rzbd | S3: https://drive.google.com/open?id=1IoJHKGcZGr2RaQNr6ORnPiw5JMpdUMCz | W3: 18/12/2025
A4: 3 | B4: 45969.643 | C4: AMA | D4: THCS Vĩnh Ngọc | E4: Giáo viên trung học cơ sở hạng II - V.07.04.31 | F4: L21 | G4: daothuyha79@gmail.com | H4: Miss | I4: DAO | J4: THI THUY HA | K4: DAO THI THUY HA | L4: Female | M4: 28868 | N4: 0388669572 | O4: National identity | P4: 008179000026 | Q4: 50998 | R4: https://drive.google.com/open?id=1BGEUsv9ZgyS1Kge4gz_tBEhiDaMiqyt3 | S4: https://drive.google.com/open?id=1k-06n8xeCrKIGyFXUlFYtyWXR-YlnpJp | W4: 16/12/2025 | X4: daothuyha79@gmail.com
A5: 4 | B5: 45963.812 | C5: AMA | D5: Tiểu học Tiền Phong A | E5: Giáo viên tiểu học hạng III – V.07.03.29 | F5: L24 | G5: hoadtpascal@gmail.com | H5: Miss | I5: DINH | J5: THI HOA | K5: DINH THI HOA | L5: Female | M5: 33812 | N5: 0969355629 | O5: National identity | P5: 001192033920 | Q5: 48422 | R5: https://drive.google.com/open?id=1GOP4XnwcWx5mWdGpvQcp5cp4S3bl8xqS | S5: https://drive.google.com/open?id=1TF-aPrfFv9VHqK99xRCSATkafcSDTrrA | W5: 17/12/2025
A6: 5 | B6: 45966.602 | C6: AMA | D6: THCS Đông Xuân | E6: Giáo viên trung học cơ sở hạng II - V.07.04.31 | F6: L24 | G6: doanthiloi@gmail.com | H6: Miss | I6: DOAN | J6: THI LOI | K6: DOAN THI LOI | L6: Female | M6: 28902 | N6: 0976271662 | O6: National identity | P6: 001179005747 | Q6: 50817 | R6: https://drive.google.com/open?id=1YwVSxSg5NSMJgByOqDMt3M_p8DaByOjL | S6: https://drive.google.com/open?id=1oCxPJnKIP_NGDZxV4PH0I5FLjaiv-Hee | W6: 16/12/2025
A7: 6 | B7: 45963.6 | C7: AMA | D7: Tiểu học Thư Lâm | E7: Giáo viên tiểu học hạng III – V.07.03.29 | F7: L21 | G7: Duongthuphuong.93@gmail.com | H7: Miss | I7: Duong | J7: Thi Thu Phuong | K7: DUONG THI THU PHUONG | L7: Female | M7: 34113 | N7: 0972469409 | O7: National identity | P7: 001193046294 | Q7: 48723 | R7: https://drive.google.com/open?id=1p7XOR5gxiLldvHdAjAowfABek3eDhXBl | S7: https://drive.google.com/open?id=1cD7mFNjKfd2zfrc8kaloWjzo5iU7Suxm | W7: 15/12/2025
A8: 7 | B8: 45963.403 | C8: AMA | D8: THCS Đông Thái | E8: Giáo viên trung học cơ sở hạng II - V.07.04.31 | F8: L21 | G8: leanhtuan091179@gmail.com | H8: Mr | I8: LE | J8: ANH TUAN | K8: LE ANH TUAN | L8: Male | M8: 29168 | N8: 0942423355 | O8: National identity | P8: 001079024981 | Q8: 51083 | R8: https://drive.google.com/open?id=1rPcjdclhbNdzJ-AI4u33X30rW6zzB2lS | S8: https://drive.google.com/open?id=188NIrZ7TE7TBLkvw7k_NSLIu-9aHXlYY | W8: 16/12/2025
A9: 8 | B9: 45963.709 | C9: AMA | D9: TH Nam Hồng | E9: Giáo viên tiểu học hạng II – V.07.03.28 | F9: 24 | G9: lyhai1979@gmail.com | H9: Miss | I9: LE | J9: THI LY HAI | K9: LE THI LY HAI | L9: Female | M9: 29205 | N9: 0989964420 | O9: National identity | P9: ‘001179007111 | Q9: 51120 | R9: https://drive.google.com/open?id=1BschNrTmiky-4MoqdkRzYsd_A522QtpF | S9: https://drive.google.com/open?id=1oUTRB5vhlQfy31yM8GxrMZrTYUQw1577 | W9: 17/12/2025
A10: 9 | B10: 45963.859 | C10: AMA | D10: TH Hoàng Kim | E10: Giáo viên tiểu học hạng III – V.07.03.29 | F10: 23 | G10: lehaivk@gmail.com | H10: Miss | I10: LE | J10: THI HAI | K10: LE THI HAI | L10: Female | M10: 30779 | N10: 0388388444 | O10: National identity | P10: 001184039143 | Q10: 52694 | R10: https://drive.google.com/open?id=1tGgAPnJi5qebIT3ehw6jChX9-xXIMn4- | S10: https://drive.google.com/open?id=13pthxpR4o9g3YWWjoNWZfjT2KR0tF8jr | W10: 17/12/2025
A11: 10 | B11: 45967.68 | C11: AMA | D11: THPT Liên Hà | E11: Giáo viên trung học phổ thông hạng III - V.07.05.15 | F11: L21 | G11: Lethihai.1977@gmail.com. | H11: Miss | I11: LE | J11: THI HAI | K11: LE THI HAI | L11: Female | M11: 28278 | N11: 0984605077 | O11: National identity | P11: 001177046284 | Q11: 50193 | R11: https://drive.google.com/open?id=1fYEIjSocprHGzuMNVJmSb2ZzN_JEWB5g | S11: https://drive.google.com/open?id=1OMVkMidW9QT0nkqpKVEM3Vw4ae0oEDQN | W11: 18/12/2025 | X11: Lethihai.1977@gmail.com
A12: 11 | B12: 45970.741 | C12: AMA | D12: THPT LIÊN HÀ | E12: Giáo viên trung học phổ thông hạng III - V.07.05.15 | F12: L24 | G12: thuyhagiaovien@gmail.com | H12: Miss | I12: LE | J12: THI THUY HA | K12: LE THI THUY HA | L12: Female | M12: 29178 | N12: 0396202193 | O12: National identity | P12: 001179014240 | Q12: 51093 | R12: https://drive.google.com/open?id=1WVR4_0OTDyfumsMVJ4yu5kbV0klXeWLg | S12: https://drive.google.com/open?id=19OAKP-uxDg-GAeTCO0vTcjwbcBP0-i7_ | W12: 18/12/2025 | X12: thuyhagiaovien@gmail.com
A13: 12 | B13: 45963.531 | C13: AMA | D13: TH Đào Duy Tùng | E13: Giáo viên tiểu học hạng III – V.07.03.29 | F13: Lớp 18 | G13: tuduyen118@gmail.com | H13: Miss | I13: LE | J13: THI DUYEN | K13: LE THI DUYEN | L13: Female | M13: 30954 | N13: 0985621118 | O13: National identity | P13: 001184030240 | Q13: 52869 | R13: https://drive.google.com/open?id=1iMCchZ5AyIOQq9gK2XPXFQIbTPhe7XTc | S13: https://drive.google.com/open?id=1ttoI-h45jnbY6zC7eWV3iEtMBKurew2y | W13: 16/12/2025
A14: 13 | B14: 45962.815 | C14: AMA | D14: THPT Đông Anh | E14: Giáo viên trung học phổ thông hạng II - V.07.05.14 | F14: Lớp 24 | G14: hangnt.donganh@gmail.com | H14: Miss | I14: NGUYEN | J14: THỊ HANG | K14: NGUYEN THỊ HANG | L14: Female | M14: 30263 | N14: 0982987882 | O14: National identity | P14: ‘ 001182033283 | Q14: 52178 | R14: https://drive.google.com/open?id=1YVhODprChWJO27MBm0JJ6YtUoQFuR7BK | S14: https://drive.google.com/open?id=1FxVzjJQewQlqOg54Z6cGUroq8Icbl_7a | W14: 19/12/2025
A15: 14 | B15: 45962.85 | C15: AMA | D15: THCS Nguyễn Công Trứ | E15: Giáo viên trung học cơ sở hạng III - V.07.04.32 | F15: 20 | G15: valery.fleur.hn@gmail.com | H15: Miss | I15: NGUYEN | J15: THU TRANG | K15: NGUYEN THU TRANG | L15: Female | M15: 29106 | N15: 0904599917 | O15: National identity | P15: 001179000066 | Q15: 51021 | R15: https://drive.google.com/open?id=1Q1DUp-C_HrFb0zbIf7Zi59h6_TXbxZP_ | S15: https://drive.google.com/open?id=192xZRfiIidG3CQnZZOid4dnzEjsh4f7A | W15: 16/12/2025
A16: 15 | B16: 45963.327 | C16: AMA | D16: TH Phú Minh | E16: Giáo viên tiểu học hạng III – V.07.03.29 | F16: Lớp 23 | G16: hongyenthpm@gmail.com | H16: Miss | I16: NGUYEN | J16: THI HONG YEN | K16: NGUYEN THI HONG YEN | L16: Female | M16: 30650 | N16: 0972398363 | O16: National identity | P16: 001183053186 | Q16: 52565 | R16: https://drive.google.com/open?id=1Y8IZETXNqYMRJMJDr33lhLZa1T2aZOdx | S16: https://drive.google.com/open?id=1SKI9bvhE2mrl-GVHI67NHlrwD2uoe3gN | W16: 19/12/2025
A17: 16 | B17: 45963.345 | C17: AMA | D17: TH Tự Lập A | E17: Giáo viên tiểu học hạng IV - V.07.03.09 | F17: Lớp 19 | G17: bangvan10@gmail.com | H17: Mr | I17: NGUYEN | J17: VAN BANG | K17: NGUYEN VAN BANG | L17: Male | M17: 31079 | N17: 0386186911 | O17: National identity | P17: 001085037860 | Q17: 52994 | R17: https://drive.google.com/open?id=1HQWyfL6caY11Am6Gkm5-2itumjwNdhD8 | S17: https://drive.google.com/open?id=179b3CUGd2t_8OC3wnQ05GBZgbcqZVqSw | W17: 17/12/2025
A18: 17 | B18: 45963.349 | C18: AMA | D18: TH Thiên Lộc | E18: Giáo viên tiểu học hạng III – V.07.03.29 | F18: 21 | G18: honghueda80@gmail.com | H18: Miss | I18: NGUYEN | J18: THI HONG HUE | K18: NGUYEN THI HONG HUE | L18: Female | M18: 29532 | N18: 0977887480 | O18: National identity | P18: 001180044201 | Q18: 51447 | R18: https://drive.google.com/open?id=1cE8-pmCNtp1V0ugjx1fihJMvLHZCqkAu | S18: https://drive.google.com/open?id=1dLkbPuQLmBqKO34NdDiJLGbWpT3Zp8nF | W18: 16/12/2025
A19: 18 | B19: 45963.412 | C19: AMA | D19: TH Thăng Long | E19: Giáo viên tiểu học hạng II – V.07.03.28 | F19: 22 | G19: cham06101977@gmail.com | H19: Miss | I19: NGUYEN | J19: THI CHAM | K19: NGUYEN THI CHAM | L19: Female | M19: 28404 | N19: 0384061977 | O19: National identity | P19: 001177030526 | Q19: 50319 | R19: https://drive.google.com/open?id=1hC3irqAWkivRBCHIEcWOc7m62-Ycmhhf | S19: https://drive.google.com/open?id=1S9f36O0qjR6NMdiDE9qaPIRcq8SgiO1I | W19: 16/12/2025
A20: 19 | B20: 45963.439 | C20: AMA | D20: THCS Uy Nỗ | E20: Giáo viên trung học cơ sở hạng III - V.07.04.32 | F20: L24 | G20: nguyenhoailinh2992@gmail.com | H20: Miss | I20: NGUYEN | J20: HOAI LINH | K20: NGUYEN HOAI LINH | L20: Female | M20: 33967 | N20: 0333088414 | O20: National identity | P20: 001192049535 | Q20: 48577 | R20: https://drive.google.com/open?id=10kBlMmHKgHVNbLCHghtnvnwIQ6DQ1o2t | S20: https://drive.google.com/open?id=1ODr72apdTEuuRprPhUxpFrEcA_AGCBmb | W20: 17/12/2025
A21: 20 | B21: 45963.811 | C21: AMA | D21: THCS TRUNG GIÃ | E21: Giáo viên trung học cơ sở hạng III - V.07.04.32 | F21: Lớp 18 | G21: vannquan123@gmail.com | H21: Miss | I21: NGUYEN | J21: THI HONG VAN | K21: NGUYEN THI HONG VAN | L21: Female | M21: 27918 | N21: 0989859935 | O21: National identity | P21: 001176048717 | Q21: 49833 | R21: https://drive.google.com/open?id=1CI9i5vBl_TH2L4Bcv7zfqev3F94KKBhY | S21: https://drive.google.com/open?id=1N06WKuo2aa8AXzapvWxuG28YitgSu68r | W21: 18/12/2025
A22: 21 | B22: 45966.606 | C22: AMA | D22: TH Vân Hà | E22: Giáo viên tiểu học hạng III – V.07.03.29 | F22: L23 | G22: Ntha203vh@gmail.com | H22: Miss | I22: NGUYEN | J22: THI HA | K22: NGUYEN THI HA | L22: Female | M22: 33317 | N22: 0966 888 791 | O22: National identity | P22: 001191025902 | Q22: 47927 | R22: https://drive.google.com/open?id=1l-1w0C5T2r9XoZw0pPFP1Jkc2FoYONH1 | S22: https://drive.google.com/open?id=1mPVPN3S5_M7qZBcvgt2BQItGG2ttQGl7 | W22: 15/12/2025
A23: 22 | B23: 45966.717 | C23: AMA | D23: THCS Đông Hội | E23: Giáo viên trung học cơ sở hạng II - V.07.04.31 | F23: L21 | G23: Lananhtux1@gmail.com | H23: Miss | I23: NGUYEN | J23: THI LAN ANH | K23: NGUYEN THI LAN ANH | L23: Female | M23: 28570 | N23: 0338082567 | O23: National identity | P23: 001178021999 | Q23: 28570 | R23: https://drive.google.com/open?id=1YODmxbtxZ8-V-jkuLK4vEFHPlIbH7yor | S23: https://drive.google.com/open?id=1FKXOL8zq3hmN30HaPhXgF1E2Vrvf_Eel | W23: 15/12/2025
A24: 23 | B24: 45966.904 | C24: AMA | D24: TH Liên Mạc B | E24: Giáo viên tiểu học hạng II – V.07.03.28 | F24: 22 | G24: Nguyenhalmb1982@gmail.com | H24: Miss | I24: NGUYEN | J24: THI HA | K24: NGUYEN THI HA | L24: Female | M24: 30142 | N24: 0986328256 | O24: National identity | P24: 001182042023 | Q24: 52057 | R24: https://drive.google.com/open?id=1k4TyuYvSb8-zIGnmHRtai5YtIwk9g59p | S24: https://drive.google.com/open?id=1jU5et4qUD4Wkecxwp3IW0vYLHAXTuU9b | W24: 17/12/2025
A25: 24 | B25: 45968.403 | C25: AMA | D25: THCS Vân Hà | E25: Giáo viên trung học cơ sở hạng II - V.07.04.31 | F25: Lớp 21 | G25: hoa.k38a@gmail.com | H25: Miss | I25: NGUYEN | J25: THI HOA | K25: NGUYEN THI HOA | L25: Female | M25: 34429 | N25: 0968182882 | O25: National identity | P25: 001194046711 | Q25: 49039 | R25: https://drive.google.com/open?id=1FoqjnGNZc5iBKsxaffXEJGAgFro7Y-XM | S25: https://drive.google.com/open?id=14GP8gtM8ItKXWQ-AnvabqB-bahsfi8b1 | W25: 19/12/2025 | X25: hoa.k38a@gmail.com
A26: 25 | B26: 45968.727 | C26: AMA | D26: TT GDNN-GDTX Đông Anh | E26: Giáo viên trung học phổ thông hạng III - V.07.05.15 | F26: L10 | G26: hanguyenhvn210@gmail.com | H26: Miss | I26: NGUYEN | J26: THI NHUNG | K26: NGUYEN THI NHUNG | L26: Female | M26: 30138 | N26: 0981775918 | O26: National identity | P26: 024182000152 | Q26: 52053 | R26: https://drive.google.com/open?id=1m-UO4pHmum-WBQr1XLqquQw2ML-oPN0g | S26: https://drive.google.com/open?id=1ddJmb2Me3wY-WG_JLYmy2JcDz5CD2jrq | W26: 19/12/2025 | X26: hanguyenhvn210@gmail.com
A27: 26 | B27: 45963.443 | C27: AMA | D27: THCS Văn Khê | E27: Giáo viên trung học cơ sở hạng II - V.07.04.31 | F27: 19 | G27: huongcoi.nguyenthu@gmail.com | H27: Miss | I27: NGUYEN | J27: THU HUONG | K27: NGUYEN THU HUONG | L27: Female | M27: 30037 | N27: 0983273682 | O27: National identity | P27: 026182001327 | Q27: 15427 | R27: https://drive.google.com/open?id=1D3IMKLKM-IQbQqD1yWPLPH9jT-cc1tSZ | S27: https://drive.google.com/open?id=11tbHF9JQRqrmBVQnJNTHAczVbK9Zkp9r | W27: 18/12/2025
A28: 27 | B28: 45963.741 | C28: AMA | D28: THCS VĂN KHÊ | E28: Giáo viên trung học cơ sở hạng II - V.07.04.31 | F28: L19 | G28: snow261181@gmail.com | H28: Miss | I28: NGUYEN | J28: THI TUYET | K28: NGUYEN THI TUYET | L28: Female | M28: 29916 | N28: 0385505429 | O28: National identity | P28: 001181043471 | Q28: 51831 | R28: https://drive.google.com/open?id=1D_pKyn46sQ0Vb85wZwRrbSOrM_CQljEC | S28: https://drive.google.com/open?id=1D95JSEptQa4oVMLdh4wBMFJ3NHbqeV3V | W28: 18/12/2025
A29: 28 | B29: 45964.434 | C29: AMA | D29: TH Vân Hà | E29: Giáo viên tiểu học hạng III – V.07.03.29 | F29: L23 | G29: Ntha203vh@gmail.com | H29: Miss | I29: NGUYEN | J29: THI HA | K29: NGUYEN THI HA | L29: Female | M29: 33317 | N29: 0966 888 791 | O29: National identity | P29: 001191025902 | Q29: 47909 | R29: https://drive.google.com/open?id=1dJqcQR2k6WdS9TJDZFF-w5Luj0gWLG0f | S29: https://drive.google.com/open?id=1IF5HOPUmIhDOUfQ76qk94P0sgcE4B2z4 | W29: 15/12/2025
A30: 29 | B30: 45966.871 | C30: AMA | D30: TH Chu Phan | E30: Giáo viên tiểu học hạng III – V.07.03.29 | F30: L19 | G30: hakhe84@gmail.com | H30: Miss | I30: NGUYEN | J30: THANH HA | K30: NGUYEN THANH HA | L30: Female | M30: 30977 | N30: 0987216884 | O30: National identity | P30: 001184018522 | Q30: 52892 | R30: https://drive.google.com/open?id=1_B4KDjGlBB41RBR6VCmoYuWAw0-oKORU | S30: https://drive.google.com/open?id=1Ix0riX3nhFUP8LRWXlERQHRnI24f-nEr | W30: 17/12/2025
A31: 30 | B31: 45970.54 | C31: AMA | D31: THPT Sóc Sơn | E31: Giáo viên trung học phổ thông hạng III - V.07.05.15 | F31: L23 | G31: lepucasp2@gmail.com | H31: Miss | I31: NGUYEN | J31: THI LE | K31: NGUYEN THI LE | L31: Female | M31: 34826 | N31: 0339687926 | O31: National identity | P31: 001195026774 | Q31: 49436 | R31: https://drive.google.com/open?id=1Tg1gELA1Vw9Jdy5EYDAWkHV8Peo0-wA3 | S31: https://drive.google.com/open?id=1oyDFGacqTvuhA2I5W8BLdL08WCdCkIlD | W31: 17/12/2025 | X31: lepucasp2@gmail.com
A32: 31 | B32: 45963.816 | C32: ITed | D32: TH Võng La | E32: Giáo viên tiểu học hạng III – V.07.03.29 | F32: 21 | G32: lien230696@gmail.com | H32: Miss | I32: PHAM | J32: QUYNH LIEN | K32: PHAM QUYNH LIEN | L32: Female | M32: 35239 | N32: 0338602609 | O32: National identity | P32: 001196039783 | Q32: 49849 | R32: https://drive.google.com/open?id=1P6lDJkVgv5K3i35S_apxvI1ta1oebC-- | S32: https://drive.google.com/open?id=1uJrotVHFPt-9hQT3sZFUOgSdwvaNHbs- | W32: 16/12/2025
A33: 32 | B33: 45963.845 | C33: AMA | D33: THCS Tiên Dược | E33: Giáo viên trung học cơ sở hạng II - V.07.04.31 | F33: L24 | G33: phamha180175@gmail.com | H33: Miss | I33: PHAM | J33: PHAM THI HA | K33: PHAM PHAM THI HA | L33: Female | M33: 27412 | N33: 0964014755 | O33: National identity | P33: 00175019816 | Q33: 49327 | R33: https://drive.google.com/open?id=1BPr1wDZS8xMlKC8JdjUHqX9rZMuxg6Lb | S33: https://drive.google.com/open?id=1US7l937KDc4JN-QCxlE6TaNELwUoRGgA | W33: 18/12/2025
A34: 33 | B34: 45968.586 | C34: AMA | D34: THPT Liên Hà | E34: Giáo viên trung học phổ thông hạng III - V.07.05.15 | F34: L19 | G34: phamthithuthiem@gmail.com | H34: Miss | I34: PHAM | J34: THI THU THIEM | K34: PHAM THI THU THIEM | L34: Female | M34: 27824 | N34: 0979063315 | O34: National identity | P34: 001176046317 | Q34: 49739 | R34: https://drive.google.com/open?id=1SW2xx729yX5qjezO2cIN-FduuD81LGsz | S34: https://drive.google.com/open?id=1i57Oh1WNdemeqHVFT8CLlXK7EMiFk-BP | W34: 18/12/2025 | X34: phamthithuthiem@gmail.com
A35: 34 | B35: 45963.305 | C35: AMA | D35: THPT Minh PHú | E35: Giáo viên tiểu học hạng III – V.07.03.29 | F35: lớp 23 | G35: ngoductrung20112014@gmail.com | H35: Miss | I35: PHAM | J35: THI LIEN | K35: PHAM THI LIEN | L35: Female | M35: 31355 | N35: 0394137850 | O35: National identity | P35: 001185038680 | Q35: 45965 | R35: https://drive.google.com/open?id=1jE6ghYENJrBsr3waCnCtkxdmgwXbHmEj | S35: https://drive.google.com/open?id=1j0HS2VUgHsjJn1Uo3jxxQZkRKrL4y3AN | T35: 001185038680 | U35: 45965 | V35: https://drive.google.com/open?id=1GiguwhMr8-bsAclTVnTA5LL6uNjIXveX | W35: 17/12/2025
A36: 35 | B36: 45966.332 | C36: AMA | D36: Trường THCS Bắc Hồng | E36: Giáo viên trung học cơ sở hạng III - V.07.04.32 | F36: L24 | G36: Anlanh18@gmail.com | H36: Miss | I36: PHAM | J36: THI LANH | K36: PHAM THI LANH | L36: Female | M36: 30200 | N36: 0966688609 | O36: National identity | P36: 034182013999 | Q36: 52115 | R36: https://drive.google.com/open?id=1-KhyjbWKROVd0dIVsL_JsZynhzEPCb60 | S36: https://drive.google.com/open?id=1pVoFj5cKvINwq7gceuLTcE1MWcnR9nK2 | W36: 16/12/2025
A37: 36 | B37: 45966.916 | C37: AMA | D37: TH Tự Lập B | E37: Giáo viên tiểu học hạng III – V.07.03.29 | F37: 19 | G37: phungthuhuongtulapb@gmail.com | H37: Miss | I37: PHUNG | J37: THU HUONG | K37: PHUNG THU HUONG | L37: Female | M37: 31904 | N37: 0987217009 | O37: National identity | P37: 001187032876 | Q37: 46514 | R37: https://drive.google.com/open?id=1H-b9RDH_l_p0s2sdvATZZ-Ce-HAxXhfw | S37: https://drive.google.com/open?id=1gv_J4kYM2u9vE98ERiBINYWa_81mQuV0 | W37: 17/12/2025
A38: 37 | B38: 45963.37 | C38: AMA | D38: THCS Thị Trấn Sóc Sơn | E38: Giáo viên trung học cơ sở hạng III - V.07.04.32 | F38: L24 | G38: phuongthao.bgs@gmail.com | H38: Miss | I38: TRAN | J38: THI PHUONG THAO | K38: TRAN THI PHUONG THAO | L38: Female | M38: 32264 | N38: 0979069209 | O38: National identity | P38: 044188000007 | Q38: 46874 | R38: https://drive.google.com/open?id=1eoDaHyLydXGvo8ieP6VLx4oSM68UwEJb | S38: https://drive.google.com/open?id=14iYPF3SqN4xrVZln0JyufKQ8exP5brZ5 | W38: 18/12/2025
A39: 38 | B39: 45963.713 | C39: AMA | D39: THCS Tiên Dược | E39: Giáo viên trung học cơ sở hạng II - V.07.04.31 | F39: Lớp 20 | G39: lam6978@gmail.com | H39: Miss | I39: TRAN | J39: THI TAM | K39: TRAN THI TAM | L39: Female | M39: 28770 | N39: 0983216978 | O39: National identity | P39: ‘001178001577 | Q39: 50685 | R39: https://drive.google.com/open?id=1t7Hum6QG8-U9wIHIVoeHqREN1WcgkjtD | S39: https://drive.google.com/open?id=1-qIKzhwzPb7Sutz7FX54xRI2dhTc3ew6 | W39: 18/12/2025
A40: 39 | B40: 45967.332 | C40: AMA | D40: THPT Trung Giã | E40: Giáo viên trung học phổ thông hạng III - V.07.05.15 | F40: L23 | G40: tunganh7782@gmail.com | H40: Miss | I40: TRAN | J40: THANH TUNG | K40: TRAN THANH TUNG | L40: Female | M40: 30048 | N40: 0376669514 | O40: National identity | P40: 001182002713 | Q40: 51963 | R40: https://drive.google.com/open?id=1Hnc_-rHKowpjtLwBkbggtwhWf8cwvBXv | S40: https://drive.google.com/open?id=15NhfcUYb2GHMMmZwPjpTnima7CDLqQSl | W40: 18/12/2025
A41: 40 | B41: 45962.745 | C41: AMA | D41: Trường THPT Minh Phú | E41: Giáo viên trung học phổ thông hạng III - V.07.05.15 | F41: Lớp 23 | G41: scarletrose0304@gmail.com | H41: Miss | I41: VU | J41: THI HONG NHUNG | K41: VU THI HONG NHUNG | L41: Female | M41: 30409 | N41: 0982032783 | O41: National identity | P41: 014183008863 | Q41: 52324 | R41: https://drive.google.com/open?id=1Xvu9XkQqrygEcjpP0OjNYQVAxGdhtGhK | S41: https://drive.google.com/open?id=1d5B-vryz-ONOZTIinZN1TTeqrzx4TWRv | T41: 014183008863 | U41: 52324 | V41: https://drive.google.com/open?id=1z4VYmtbU8zy-cd0qwctaKaz0-mE7uAO2
A42: 41 | B42: 45963.31 | C42: AMA | D42: TH Lê Hữu Tựu | E42: Giáo viên tiểu học hạng III – V.07.03.29 | F42: L18 | G42: vuthiman80@gmail.com | H42: Miss | I42: VU | J42: THI MAN | K42: VU THI MAN | L42: Female | M42: 29283 | N42: 0982226498 | O42: National identity | P42: 001180005662 | Q42: 51198 | R42: https://drive.google.com/open?id=1cixyIb5OIWVTvAiNkUzXcDv_mkPSplvD | S42: https://drive.google.com/open?id=1rsPNgXXkkoZYdc1oGK7i7F8oqkv_hG3x | W42: 16/12/2025
A43: 42 | B43: 45964.459 | C43: AMA | D43: THCS Thanh Xuân | E43: Giáo viên trung học cơ sở hạng III - V.07.04.32 | F43: L23 | G43: haothanh304@gmail.com | H43: Miss | I43: VU | J43: THI HAO | K43: VU THI HAO | L43: Female | M43: 34819 | N43: 0989469910 | O43: National identity | P43: 001195004906 | Q43: 49429 | R43: https://drive.google.com/open?id=1-V0Az6tpuOW57DZZyrk_uHhVFjEaTTNW | S43: https://drive.google.com/open?id=1h8odbkqLDsSZX7bCTO-vbdBG3lB-Z0hJ | W43: 18/12/2025
A44: 43 | B44: 45966.917 | C44: AMA | D44: THCS TÂN MINH A | E44: Giáo viên trung học cơ sở hạng III - V.07.04.32 | F44: L.21 | G44: Hanhenglish.thcsmaidinh@gmail.com | H44: Mr | I44: VUONG | J44: THI HANH | K44: VUONG THI HANH | L44: Female | M44: 30919 | N44: 0961002584 | O44: National identity | P44: 001184022018 | Q44: 52834 | R44: https://drive.google.com/open?id=1Iw15FAAdI71HZ4KuQmpwyLefpafDCL_v | S44: https://drive.google.com/open?id=1FPXkyRYT7LJD0UlZVri4Zt_Nz3BdkQQ4 | W44: 17/12/2025
A45: 44 | B45: 45964.969 | C45: AMA | D45: TH Đại Mạch | E45: Giáo viên tiểu học hạng III – V.07.03.29 | F45: 18 | G45: lamvuong2108@gmail.com | H45: Miss | I45: VUONG | J45: PHUONG LAM | K45: VUONG PHUONG LAM | L45: Female | M45: 29454 | N45: 0383966866 | O45: National identity | P45: ‘001180014694 | Q45: 51369 | R45: https://drive.google.com/open?id=137Cmdqap8N4Cxp1vVe8XUB84PtihQ7tK | S45: https://drive.google.com/open?id=1l8uC2qhX5LAYr4vKhOshqw-wuRCU21zc | W45: 16/12/2025
A46: 45 | B46: 45971.422 | C46: AMA | D46: THPT Liên Hà | E46: Giáo viên trung học phổ thông hạng III - V.07.05.15 | F46: L19 | G46: nghiemthinu@gmail.com | H46: Miss | I46: NGHIEM | J46: THI NU | K46: NGHIEM THI NU | L46: Female | M46: 30849 | N46: 0983098873 | O46: National identity | P46: 001184017736 | Q46: 52764 | R46: https://drive.google.com/open?id=1eM26YxTVEvxmsJhtHHOLmuGdMzVEa7sg | S46: https://drive.google.com/open?id=1MezhPfJd8mZB7Yi_tHiOT7TnI4pmkp3s | W46: 18/12/2025 | X46: nghiemthinu@gmail.com
A47: 46 | B47: 45971.428 | C47: AMA | D47: THPT Cổ Loa | E47: Giáo viên trung học phổ thông hạng III - V.07.05.15 | F47: L21 | G47: angelinnight89@gmail.com | H47: Miss | I47: PHAM | J47: THI CUC | K47: PHAM THI CUC | L47: Female | M47: 32577 | N47: 0947005594 | O47: National identity | P47: 001189011826 | Q47: 47187 | R47: https://drive.google.com/open?id=1-MfX6235DatwgRxhsTiPuZUR9kGWbfUj | S47: https://drive.google.com/open?id=1_xB2_3pm-PHhJ7eFJJjA_3jLJgboi2Ed | W47: 19/12/2025 | X47: angelinnight89@gmail.com
A48: 47 | B48: 45971.433 | C48: AMA | D48: THCS Phú Minh | E48: Giáo viên trung học cơ sở hạng II - V.07.04.31 | F48: L20 | G48: vietoanh2325@gmail.com | H48: Miss | I48: HOANG | J48: THI OANH | K48: HOANG THI OANH | L48: Female | M48: 27995 | N48: 0986997462 | O48: National identity | P48: 026176000273 | Q48: 49910 | R48: https://drive.google.com/open?id=1O5NTjqTuf4GxSWgrGt0XoI9s67XvXWz7 | S48: https://drive.google.com/open?id=1Q6aIzDtZbXog8FzZHnQoC2djjEM65awO | W48: 15/12/2025 | X48: vietoanh2325@gmail.com
A49: 48 | B49: 45972.361 | C49: AMA | D49: THPT Minh Phú | E49: Giáo viên trung học phổ thông hạng III - V.07.05.15 | F49: L20 | G49: travanhoadoc@gmail.com | H49: Miss | I49: QUACH | J49: THI THANH TRA | K49: QUACH THI THANH TRA | L49: Female | M49: 29140 | N49: 0982888472 | O49: National identity | P49: 001179047464 | Q49: 51055 | R49: https://drive.google.com/open?id=1zgN44xac1CHlwNVADLR4eWABjx_YvPr8 | S49: https://drive.google.com/open?id=1X0AC_7NThcZQY26LvWHvJrjB25SOLEyE | W49: 17/12/2025 | X49: travanhoadoc@gmail.com

Sheet Merge18
A1: TT | B1: Mã HV | C1: HỌ VÀ TÊN | D1: Ho va ten | E1: NĂM SINH | F1: BẬC DẠY | G1: ĐƠN VỊ CÔNG TÁC | H1: PHƯỜNG/XÃ | I1: Số CCCD/ Hộ chiếu | J1: Mã ngạch viên chức | K1: Điểm IELTS đầu vào | L1: Điểm IELTS đầu ra cần đạt | M1: Kết quả thi IELTS đầu ra | N1: Column1 | O1: Column2 | P1: Column3 | Q1: Column4 | R1: KẾT QUẢ (Đạt/Không đạt) | S1: Append1.Mã ngạch viên chức | T1: Append1.Số CCCD | U1: Append1.Số Hộ chiếu
A2: 1 | B2: 341 | C2: Trần Thị Thu Hiền | D2: TRAN THI THU HIEN | E2: 1977 | F2: THPT | G2: Tam Đồng | H2: Phúc Thịnh | I2: =Merge18[[#This Row],[Append1.Số CCCD]]&IF(ISBLANK(Merge18[[#This Row],[Append1.Số Hộ chiếu]]), "", "-")&Merge18[[#This Row],[Append1.Số Hộ chiếu]] -> 001176040741 | J2: =IF(ISBLANK(Merge18[[#This Row],[Append1.Mã ngạch viên chức]]),"",Merge18[[#This Row],[Append1.Mã ngạch viên chức]]) -> Giáo viên trung học phổ thông hạng III - V.07.05.15 | S2: Giáo viên trung học phổ thông hạng III - V.07.05.15 | T2: 001176040741
A3: 2 | B3: 342 | C3: Nguyễn Thị Thảo | D3: NGUYEN THI THAO | E3: 1976 | F3: THCS | G3: THCS Tam Đồng | H3: Tiến Thắng | I3: =Merge18[[#This Row],[Append1.Số CCCD]]&IF(ISBLANK(Merge18[[#This Row],[Append1.Số Hộ chiếu]]), "", "-")&Merge18[[#This Row],[Append1.Số Hộ chiếu]] -> 001176040670 | J3: =IF(ISBLANK(Merge18[[#This Row],[Append1.Mã ngạch viên chức]]),"",Merge18[[#This Row],[Append1.Mã ngạch viên chức]]) -> Giáo viên trung học cơ sở hạng II - V.07.04.31 | S3: Giáo viên trung học cơ sở hạng II - V.07.04.31 | T3: 001176040670
A4: 3 | B4: 343 | C4: Bui Mai Lan | D4: BUI MAI LAN | E4: 1977 | F4: THCS | G4: THCS Tiến Thắng | H4: Tiến Thắng | I4: =Merge18[[#This Row],[Append1.Số CCCD]]&IF(ISBLANK(Merge18[[#This Row],[Append1.Số Hộ chiếu]]), "", "-")&Merge18[[#This Row],[Append1.Số Hộ chiếu]] -> 025177005125 | J4: =IF(ISBLANK(Merge18[[#This Row],[Append1.Mã ngạch viên chức]]),"",Merge18[[#This Row],[Append1.Mã ngạch viên chức]]) -> V07.04.11 | S4: V07.04.11 | T4: 025177005125
A5: 4 | B5: 344 | C5: Vũ Hùng Quang | D5: VU HUNG QUANG | E5: 1975 | F5: THCS | G5: THCS Tráng Việt | H5: Mê Linh | I5: =Merge18[[#This Row],[Append1.Số CCCD]]&IF(ISBLANK(Merge18[[#This Row],[Append1.Số Hộ chiếu]]), "", "-")&Merge18[[#This Row],[Append1.Số Hộ chiếu]] -> 001075011375 | J5: =IF(ISBLANK(Merge18[[#This Row],[Append1.Mã ngạch viên chức]]),"",Merge18[[#This Row],[Append1.Mã ngạch viên chức]]) -> Giáo viên trung học cơ sở hạng II - V.07.04.31 | S5: Giáo viên trung học cơ sở hạng II - V.07.04.31 | T5: 001075011375
A6: 5 | B6: 345 | C6: Phùng Thị Kim Thao | D6: PHUNG THI KIM THAO | E6: 1977 | F6: THCS | G6: THCS Phạm Hồng Thái | H6: Mê Linh | I6: =Merge18[[#This Row],[Append1.Số CCCD]]&IF(ISBLANK(Merge18[[#This Row],[Append1.Số Hộ chiếu]]), "", "-")&Merge18[[#This Row],[Append1.Số Hộ chiếu]] -> 001177009537 | J6: =IF(ISBLANK(Merge18[[#This Row],[Append1.Mã ngạch viên chức]]),"",Merge18[[#This Row],[Append1.Mã ngạch viên chức]]) -> Giáo viên trung học cơ sở hạng III - V.07.04.32 | S6: Giáo viên trung học cơ sở hạng III - V.07.04.32 | T6: 001177009537
A7: 6 | B7: 4 | C7: Trần Thị Thanh Tâm | D7: TRAN THI THANH TAM | E7: 1983 | F7: TH | G7: TH Xuân Canh | H7: Đông Anh | I7: =Merge18[[#This Row],[Append1.Số CCCD]]&IF(ISBLANK(Merge18[[#This Row],[Append1.Số Hộ chiếu]]), "", "-")&Merge18[[#This Row],[Append1.Số Hộ chiếu]] -> 026183003026-E032337481 | J7: =IF(ISBLANK(Merge18[[#This Row],[Append1.Mã ngạch viên chức]]),"",Merge18[[#This Row],[Append1.Mã ngạch viên chức]]) -> Giáo viên tiểu học hạng II – V.07.03.28 | S7: Giáo viên tiểu học hạng II – V.07.03.28 | T7: 026183003026 | U7: E032337481
A8: 7 | B8: 347 | C8: Ngô Thị Hồng Dương | D8: NGO THI HONG DUONG | E8: 1975 | F8: THCS | G8: THCS Kim Hoa | H8: Quang Minh | I8: =Merge18[[#This Row],[Append1.Số CCCD]]&IF(ISBLANK(Merge18[[#This Row],[Append1.Số Hộ chiếu]]), "", "-")&Merge18[[#This Row],[Append1.Số Hộ chiếu]] -> 001175030348 | J8: =IF(ISBLANK(Merge18[[#This Row],[Append1.Mã ngạch viên chức]]),"",Merge18[[#This Row],[Append1.Mã ngạch viên chức]]) -> Giáo viên trung học cơ sở hạng II - V.07.04.31 | S8: Giáo viên trung học cơ sở hạng II - V.07.04.31 | T8: 001175030348
A9: 8 | B9: 348 | C9: Ngô Thị Thanh Thuỷ | D9: NGO THI THANH THUY | E9: 1977 | F9: TH | G9: TH Kim Hoa A | H9: Quang Minh | I9: =Merge18[[#This Row],[Append1.Số CCCD]]&IF(ISBLANK(Merge18[[#This Row],[Append1.Số Hộ chiếu]]), "", "-")&Merge18[[#This Row],[Append1.Số Hộ chiếu]] -> 001177032960 | J9: =IF(ISBLANK(Merge18[[#This Row],[Append1.Mã ngạch viên chức]]),"",Merge18[[#This Row],[Append1.Mã ngạch viên chức]]) -> Giáo viên tiểu học hạng II – V.07.03.28 | S9: Giáo viên tiểu học hạng II – V.07.03.28 | T9: 001177032960
A10: 9 | B10: 349 | C10: Nguyễn Thị Yến | D10: NGUYEN THI YEN | E10: 1975 | F10: THCS | G10: THCS Hồng Kỳ | H10: Trung Giã | I10: =Merge18[[#This Row],[Append1.Số CCCD]]&IF(ISBLANK(Merge18[[#This Row],[Append1.Số Hộ chiếu]]), "", "-")&Merge18[[#This Row],[Append1.Số Hộ chiếu]] -> 001175014156 | J10: =IF(ISBLANK(Merge18[[#This Row],[Append1.Mã ngạch viên chức]]),"",Merge18[[#This Row],[Append1.Mã ngạch viên chức]]) -> Giáo viên trung học cơ sở hạng II - V.07.04.31 | S10: Giáo viên trung học cơ sở hạng II - V.07.04.31 | T10: 001175014156
A11: 10 | B11: 350 | C11: Nguyễn Thị Hồng Vân | D11: NGUYEN THI HONG VAN | E11: 1976 | F11: THCS | G11: THCS Trung Giã | H11: Trung Giã | I11: =Merge18[[#This Row],[Append1.Số CCCD]]&IF(ISBLANK(Merge18[[#This Row],[Append1.Số Hộ chiếu]]), "", "-")&Merge18[[#This Row],[Append1.Số Hộ chiếu]] -> 001176048717 | J11: =IF(ISBLANK(Merge18[[#This Row],[Append1.Mã ngạch viên chức]]),"",Merge18[[#This Row],[Append1.Mã ngạch viên chức]]) -> Giáo viên trung học cơ sở hạng III - V.07.04.32 | S11: Giáo viên trung học cơ sở hạng III - V.07.04.32 | T11: 001176048717
A12: 10 | B12: 350 | C12: Nguyễn Thị Hồng Vân | D12: NGUYEN THI HONG VAN | E12: 1976 | F12: THCS | G12: THCS Trung Giã | H12: Trung Giã | I12: =Merge18[[#This Row],[Append1.Số CCCD]]&IF(ISBLANK(Merge18[[#This Row],[Append1.Số Hộ chiếu]]), "", "-")&Merge18[[#This Row],[Append1.Số Hộ chiếu]] -> 001176048717 | J12: =IF(ISBLANK(Merge18[[#This Row],[Append1.Mã ngạch viên chức]]),"",Merge18[[#This Row],[Append1.Mã ngạch viên chức]]) -> Giáo viên trung học cơ sở hạng III - V.07.04.32 | S12: Giáo viên trung học cơ sở hạng III - V.07.04.32 | T12: 001176048717
A13: 11 | B13: 351 | C13: Nguyễn Thị Mai | D13: NGUYEN THI MAI | E13: 1975 | F13: THCS | G13: THCS Nguyễn Du | H13: Sóc Sơn | I13: =Merge18[[#This Row],[Append1.Số CCCD]]&IF(ISBLANK(Merge18[[#This Row],[Append1.Số Hộ chiếu]]), "", "-")&Merge18[[#This Row],[Append1.Số Hộ chiếu]] | J13: =IF(ISBLANK(Merge18[[#This Row],[Append1.Mã ngạch viên chức]]),"",Merge18[[#This Row],[Append1.Mã ngạch viên chức]])
A14: 12 | B14: 352 | C14: Vương Thị Hạnh | D14: VUONG THI HANH | E14: 1984 | F14: THCS | G14: THCS Tân Minh A | H14: Sóc Sơn | I14: =Merge18[[#This Row],[Append1.Số CCCD]]&IF(ISBLANK(Merge18[[#This Row],[Append1.Số Hộ chiếu]]), "", "-")&Merge18[[#This Row],[Append1.Số Hộ chiếu]] -> 001184022018 | J14: =IF(ISBLANK(Merge18[[#This Row],[Append1.Mã ngạch viên chức]]),"",Merge18[[#This Row],[Append1.Mã ngạch viên chức]]) -> Giáo viên trung học cơ sở hạng III - V.07.04.32 | S14: Giáo viên trung học cơ sở hạng III - V.07.04.32 | T14: 001184022018
A15: 13 | B15: 353 | C15: Trịnh Thị Lê Hằng | D15: TRINH THI LE HANG | E15: 1976 | F15: THCS | G15: THCS Tân Minh A | H15: Sóc Sơn | I15: =Merge18[[#This Row],[Append1.Số CCCD]]&IF(ISBLANK(Merge18[[#This Row],[Append1.Số Hộ chiếu]]), "", "-")&Merge18[[#This Row],[Append1.Số Hộ chiếu]] | J15: =IF(ISBLANK(Merge18[[#This Row],[Append1.Mã ngạch viên chức]]),"",Merge18[[#This Row],[Append1.Mã ngạch viên chức]])
A16: 14 | B16: 354 | C16: Lê Đức Vĩnh | D16: LE DUC VINH | E16: 1974 | F16: THCS | G16: THCS Phù Linh | H16: Sóc Sơn | I16: =Merge18[[#This Row],[Append1.Số CCCD]]&IF(ISBLANK(Merge18[[#This Row],[Append1.Số Hộ chiếu]]), "", "-")&Merge18[[#This Row],[Append1.Số Hộ chiếu]] | J16: =IF(ISBLANK(Merge18[[#This Row],[Append1.Mã ngạch viên chức]]),"",Merge18[[#This Row],[Append1.Mã ngạch viên chức]])
A17: 15 | B17: 355 | C17: Lê Thị Duyên | D17: LE THI DUYEN | E17: 1984 | F17: TH | G17: TH Đào Duy Tùng | H17: Đông Anh | I17: =Merge18[[#This Row],[Append1.Số CCCD]]&IF(ISBLANK(Merge18[[#This Row],[Append1.Số Hộ chiếu]]), "", "-")&Merge18[[#This Row],[Append1.Số Hộ chiếu]] | J17: =IF(ISBLANK(Merge18[[#This Row],[Append1.Mã ngạch viên chức]]),"",Merge18[[#This Row],[Append1.Mã ngạch viên chức]])
A18: 16 | B18: 356 | C18: Vương Phương Lâm | D18: VUONG PHUONG LAM | E18: 1980 | F18: TH | G18: TH Đại Mạch | H18: Thiên Lộc | I18: =Merge18[[#This Row],[Append1.Số CCCD]]&IF(ISBLANK(Merge18[[#This Row],[Append1.Số Hộ chiếu]]), "", "-")&Merge18[[#This Row],[Append1.Số Hộ chiếu]] | J18: =IF(ISBLANK(Merge18[[#This Row],[Append1.Mã ngạch viên chức]]),"",Merge18[[#This Row],[Append1.Mã ngạch viên chức]])
A19: 17 | B19: 357 | C19: Vũ Thị Mẫn | D19: VU THI MAN | E19: 1980 | F19: TH | G19: TH Lê Hữu Tựu | H19: Phúc Thịnh | I19: =Merge18[[#This Row],[Append1.Số CCCD]]&IF(ISBLANK(Merge18[[#This Row],[Append1.Số Hộ chiếu]]), "", "-")&Merge18[[#This Row],[Append1.Số Hộ chiếu]] -> 001180005662 | J19: =IF(ISBLANK(Merge18[[#This Row],[Append1.Mã ngạch viên chức]]),"",Merge18[[#This Row],[Append1.Mã ngạch viên chức]]) -> Giáo viên tiểu học hạng III – V.07.03.29 | S19: Giáo viên tiểu học hạng III – V.07.03.29 | T19: 001180005662
A20: 18 | B20: 358 | C20: Nguyễn Thị Bích Loan | D20: NGUYEN THI BICH LOAN | E20: 1977 | F20: TH | G20: TH Hải Bối | H20: Vĩnh Thanh | I20: =Merge18[[#This Row],[Append1.Số CCCD]]&IF(ISBLANK(Merge18[[#This Row],[Append1.Số Hộ chiếu]]), "", "-")&Merge18[[#This Row],[Append1.Số Hộ chiếu]] | J20: =IF(ISBLANK(Merge18[[#This Row],[Append1.Mã ngạch viên chức]]),"",Merge18[[#This Row],[Append1.Mã ngạch viên chức]])
A21: 19 | B21: 359 | C21: Nguyễn Tư Vinh | D21: NGUYEN TU VINH | E21: 1977 | F21: THCS | G21: THCS Liên Hà | H21: Thư Lâm | I21: =Merge18[[#This Row],[Append1.Số CCCD]]&IF(ISBLANK(Merge18[[#This Row],[Append1.Số Hộ chiếu]]), "", "-")&Merge18[[#This Row],[Append1.Số Hộ chiếu]] | J21: =IF(ISBLANK(Merge18[[#This Row],[Append1.Mã ngạch viên chức]]),"",Merge18[[#This Row],[Append1.Mã ngạch viên chức]])
A22: 20 | B22: 360 | C22: Dương Thị Thanh Hương | D22: DUONG THI THANH HUONG | E22: 1976 | F22: THCS | G22: THCS Liên Hà | H22: Thư Lâm | I22: =Merge18[[#This Row],[Append1.Số CCCD]]&IF(ISBLANK(Merge18[[#This Row],[Append1.Số Hộ chiếu]]), "", "-")&Merge18[[#This Row],[Append1.Số Hộ chiếu]] | J22: =IF(ISBLANK(Merge18[[#This Row],[Append1.Mã ngạch viên chức]]),"",Merge18[[#This Row],[Append1.Mã ngạch viên chức]])

Sheet Merge19
A1: Column1 | B1: Column2 | C1: Column3 | D1: Column32 | E1: Column4 | F1: Column5 | G1: Column6 | H1: Column7 | I1: Column8 | J1: Column9 | K1: Column10 | L1: Column11 | M1: Column12 | N1: Column13 | O1: Column14 | P1: Column15 | Q1: Column16 | R1: Column17 | S1: Append1.Mã ngạch viên chức | T1: Append1.Số CCCD | U1: Append1.Số Hộ chiếu
A2: 1 | B2: 361 | C2: Phạm Thị Cửu | D2: PHAM THI CUU | E2: 1976 | F2: THCS | G2: THCS Xuân Nộn | H2: Thư Lâm | S2: Giáo viên trung học cơ sở hạng II - V.07.04.31 | T2: 001176046134
A3: 6 | B3: 366 | C3: Nguyễn Thị Nhung | D3: NGUYEN THI NHUNG | E3: 1978 | F3: THPT | G3: THPT Đông Anh | H3: Thư Lâm | S3: Giáo viên trung học phổ thông hạng III - V.07.05.15 | T3: 001178029456
A4: 8 | B4: 368 | C4: Nguyễn Thị Nga | D4: NGUYEN THI NGA | E4: 1985 | F4: THPT | G4: THPT Tiến Thịnh | H4: Yên Lãng | S4: Giáo viên trung học phổ thông hạng II - V.07.05.14 | T4: 035185004411
A5: 12 | B5: 372 | C5: Nguyễn Hoài Thanh | D5: NGUYEN HOAI THANH | E5: 1978 | F5: TH | G5: TH Đại Thịnh B | H5: Quang Minh | S5: Giáo viên tiểu học hạng II – V.07.03.28 | T5: 034178005875
A6: 14 | B6: 374 | C6: Lê Thị Loan | D6: LE THI LOAN | E6: 1981 | F6: TH | G6: TH Thạch Đà B | H6: Yên Lãng | S6: Giáo viên tiểu học hạng II – V.07.03.28 | T6: 001181004093
A7: 16 | B7: 376 | C7: Lê Thị Hạnh | D7: LE THI HANH | E7: 1978 | F7: THCS | G7: TH Tráng Việt | H7: Mê Linh | S7: Giáo viên trung học cơ sở hạng II - V.07.04.31 | T7: 001178029862
A8: 17 | B8: 377 | C8: Nguyễn Thị Thắm | D8: NGUYEN THI THAM | E8: 1978 | F8: THCS | G8: THCS Tiền Phong | H8: Mê Linh | S8: Giáo viên trung học cơ sở hạng II - V.07.04.31 | T8: 001178010346
A9: 7 | B9: 367 | C9: Nguyễn Thế Huệ | D9: NGUYEN THE HUE | E9: 1977 | F9: THPT | G9: THPT Đông Anh | H9: Thư Lâm | S9: Giáo viên trung học phổ thông hạng III - V.07.05.15 | T9: 001077040753
A10: 13 | B10: 373 | C10: Nguyễn Văn Bằng | D10: NGUYEN VAN BANG | E10: 1985 | F10: TH | G10: TH Tự Lập A | H10: Tiến Thắng | S10: Giáo viên tiểu học hạng IV - V.07.03.09 | T10: 001085037860
A11: 6 | B11: 366 | C11: Nguyễn Thị Nhung | D11: NGUYEN THI NHUNG | E11: 1978 | F11: THPT | G11: THPT Đông Anh | H11: Thư Lâm | S11: Giáo viên trung học phổ thông hạng III - V.07.05.15 | T11: 024182000152
A12: 5 | B12: 365 | C12: Phạm Thị Thu Thiêm | D12: PHAM THI THU THIEM | E12: 1976 | F12: THPT | G12: THPT Liên Hà | H12: Thư Lâm | S12: Giáo viên trung học phổ thông hạng III - V.07.05.15 | T12: 001176046317
A13: 9 | B13: 369 | C13: Phùng Thu Hường | D13: PHUNG THU HUONG | E13: 1987 | F13: TH | G13: TH Tự Lập B | H13: Tiến Thắng | S13: Giáo viên tiểu học hạng III – V.07.03.29 | T13: 001187032876
A14: 4 | B14: 364 | C14: Nghiêm Thị Nụ | D14: NGHIEM THI NU | E14: 1984 | F14: THPT | G14: THPT Liên Hà | H14: Thư Lâm | S14: Giáo viên trung học phổ thông hạng III - V.07.05.15 | T14: 001184017736
A15: 2 | B15: 362 | C15: Hoàng Thu Hằng | D15: HOANG THU HANG | E15: 1975 | F15: THCS | G15: THCS Uy Nỗ | H15: Đông Anh
A16: 3 | B16: 363 | C16: Ngô Thị Hà | D16: NGO THI HA | E16: 1975 | F16: THCS | G16: THCS Vân Hà | H16: Thư Lâm
A17: 10 | B17: 370 | C17: Đoàn Phương Thảo | D17: DOAN PHUONG THAO | E17: 1983 | F17: TH | G17: TH Thanh Lâm B | H17: Quang Minh
A18: 11 | B18: 371 | C18: Nguyễn Thanh Hà | D18: NGUYEN THANH HA | E18: 1984 | F18: TH | G18: TH Chu Phan | H18: Yên Lãng
A19: 15 | B19: 375 | C19: Nguyễn Thị Hằng | D19: NGUYEN THI HANG | E19: 1982 | F19: TH | G19: TH Mê Linh | H19: Mê Linh
A20: 18 | B20: 378 | C20: Nguyễn Thu Hường | D20: NGUYEN THU HUONG | E20: 1982 | F20: THCS | G20: THCS Văn Khê | H20: Mê Linh
A21: 19 | B21: 379 | C21: Nguyễn Văn Dũng | D21: NGUYEN VAN DUNG | E21: 1979 | F21: THCS | G21: THCS Văn Khê | H21: Mê Linh
A22: 20 | B22: 380 | C22: Nguyễn Thị Tuyết | D22: NGUYEN THI TUYET | E22: 1981 | F22: THCS | G22: THCS Văn Khê | H22: Mê Linh

Sheet Merge20
A1: Column1 | B1: Column2 | C1: Column3 | D1: Column4 | E1: Column5 | F1: Column6 | G1: Column7 | H1: Column8 | I1: Column9 | J1: Column10 | K1: Column11 | L1: Column12 | M1: Column13 | N1: Column14 | O1: Column15 | P1: Column16 | Q1: Column17 | R1: Column18 | S1: Append1.Mã ngạch viên chức | T1: Append1.Số CCCD | U1: Append1.Số Hộ chiếu
A2: 4 | B2: 384 | C2: Nguyễn Minh Dung | D2: NGUYEN MINH DUNG | E2: 1979 | F2: THCS | G2: THCS Kim Hoa | H2: Quang Minh | S2: Giáo viên trung học cơ sở hạng I - V.07.04.30 | T2: 001079033488 | U2: C510532707
A3: 18 | B3: 398 | C3: Nguyễn Thị Bích Ngọc | D3: NGUYEN THI BICH NGOC | E3: 1976 | F3: THCS | G3: THCS Mai Đình | H3: Sóc Sơn | S3: Giáo viên trung học cơ sở hạng II - V.07.04.31 | T3: 001176033068
A4: 14 | B4: 394 | C4: Tạ Quang Nguyên | D4: TA QUANG NGUYEN | E4: 1975 | F4: THCS | G4: THCS Hồng Kỳ | H4: Trung Giã | S4: Giáo viên trung học cơ sở hạng II - V.07.04.31 | T4: 001075010580
A5: 13 | B5: 393 | C5: Nguyễn Thị Hồng Thắm | D5: NGUYEN THI HONG THAM | E5: 1977 | F5: THCS | G5: THCS Nam Sơn | H5: Trung Giã | S5: Giáo viên trung học cơ sở hạng II - V.07.04.31 | T5: ‘001177017369
A6: 15 | B6: 395 | C6: Trịnh Thị Thu Hường | D6: TRINH THI THU HUONG | E6: 1975 | F6: THCS | G6: THCS Trung Giã | H6: Trung Giã | S6: V.07.04.12 | T6: 001175013832
A7: 1 | B7: 381 | C7: Trần Thị Bích Hiển | D7: TRAN THI BICH HIEN | E7: 1979 | F7: THCS | G7: THCS Tam Đồng | H7: Tiến Thắng | S7: Giáo viên trung học cơ sở hạng II - V.07.04.31 | T7: 026179008039
A8: 9 | B8: 389 | C8: Trần Thị Huệ | D8: TRAN THI HUE | E8: 1976 | F8: THPT | G8: THPT Trung Giã | H8: Trung Giã | S8: Giáo viên trung học phổ thông hạng III - V.07.05.15 | T8: 001176004956
A9: 5 | B9: 385 | C9: Nguyễn Văn Khiêm | D9: NGUYEN VAN KHIEM | E9: 1977 | F9: THCS | G9: THCS Chu Phan | H9: Yên Lãng | S9: Giáo viên trung học cơ sở hạng II - V.07.04.31 | T9: 001077024738
A10: 8 | B10: 388 | C10: Lê Thị Dung | D10: LE THI DUNG | E10: 1977 | F10: THPT | G10: THPT Sóc Sơn | H10: Sóc Sơn | S10: Giáo viên trung học phổ thông hạng III - V.07.05.15 | T10: 001177014103
A11: 11 | B11: 391 | C11: Đàm Thị Tú Uyên | D11: DAM THI TU UYEN | E11: 1978 | F11: THCS | G11: THCS Phú Minh | H11: Nội Bài | S11: Giáo viên trung học cơ sở hạng II - V.07.04.31 | T11: 001178022441
A12: 17 | B12: 16 | C12: Nguyễn Thu Trang | D12: NGUYEN THU TRANG | E12: 1979 | F12: THCS | G12: THCS Nguyễn Công Trứ | H12: Ba Đình | S12: Giáo viên trung học cơ sở hạng III - V.07.04.32 | T12: 001179000066
A13: 6 | B13: 386 | C13: Nguyễn Thị Hoa | D13: NGUYEN THI HOA | E13: 1996 | F13: TH | G13: TH An Dương | H13: Hồng Hà | S13: Giáo viên trung học cơ sở hạng II - V.07.04.31 | T13: 001194046711
A14: 20 | B14: 400 | C14: Trần Thị Tâm | D14: TRAN THI TAM | E14: 1978 | F14: THCS | G14: THCS Tiên Dược | H14: Sóc Sơn | S14: Giáo viên trung học cơ sở hạng II - V.07.04.31 | T14: ‘001178001577
... A16: 7 | B16: 387 | C16: Quách Thị Thanh Trà | D16: QUACH THI THANH TRA | E16: 1979 | F16: THPT | G16: THPT Minh Phú | H16: Kim Anh | S16: Giáo viên trung học phổ thông hạng III - V.07.05.15 | T16: 001179047464
A17: 2 | B17: 382 | C17: Trần Thị Thu Hằng | D17: TRAN THI THU HANG | E17: 1983 | F17: TH | G17: TH Văn Khê B | H17: Mê Linh
A18: 3 | B18: 383 | C18: Nguyễn Thị Kim Anh | D18: NGUYEN THI KIM ANH | E18: 1984 | F18: THCS | G18: THCS Tự Lập | H18: Tiến Thắng
A19: 10 | B19: 390 | C19: Nguyễn Ngọc Tuân | D19: NGUYEN NGOC TUAN | E19: 1975 | F19: THPT | G19: THPT Minh Phú | H19: Kim Anh
A20: 16 | B20: 739 | C20: Trần Thị Trang | D20: TRAN THI TRANG | E20: 1987 | F20: THPT | G20: THPT Ngọc Tảo | H20: Phúc Thọ
A21: 19 | B21: 399 | C21: Bùi Thị Mai Thanh | D21: BUI THI MAI THANH | E21: 1975 | F21: THCS | G21: THCS Nguyễn Du | H21: Sóc Sơn

Sheet Merge21
A1: Column1 | B1: Column2 | C1: Column3 | D1: Column4 | E1: Column5 | F1: Column6 | G1: Column7 | H1: Column8 | I1: Column9 | J1: Column10 | K1: Column11 | L1: Column12 | M1: Column13 | N1: Column14 | O1: Column15 | P1: Column16 | Q1: Column17 | R1: Column18 | S1: Append1.Mã ngạch viên chức | T1: Append1.Số CCCD | U1: Append1.Số Hộ chiếu
A2: 12 | B2: 412 | C2: Lê Thị Mai Lan | D2: LE THI MAI LAN | E2: 1974 | F2: THCS | G2: THCS Tiên Dương | H2: Đông Anh | S2: Giáo viên trung học cơ sở hạng II - V.07.04.31 | T2: 001174036478
A3: 9 | B3: 409 | C3: Ngô Văn Việt | D3: NGO VAN VIET | E3: 1977 | F3: THCS | G3: THCS An Dương Vương | H3: Đông Anh | S3: Giáo viên trung học cơ sở hạng II - V.07.04.31 | T3: 001077036817
A4: 1 | B4: 401 | C4: Trần Mai Hương | D4: TRAN MAI HUONG | E4: 1975 | F4: THCS | G4: THCS Phù Linh | H4: Sóc Sơn | S4: Giáo viên trung học cơ sở hạng II - V.07.04.31 | T4: 001175023937
A5: 16 | B5: 416 | C5: Nguyễn Thị Thu Hương | D5: NGUYEN THI THU HUONG | E5: 1976 | F5: THPT | G5: THPT Liên Hà | H5: Thư Lâm | S5: Giáo viên trung học cơ sở hạng III - V.07.04.32 | T5: 001194006005
A6: 6 | B6: 406 | C6: Đào Thị Thúy Hà | D6: DAO THI THUY HA | E6: 1979 | F6: THCS | G6: THCS Vĩnh Ngọc | H6: Vĩnh Thanh | S6: Giáo viên trung học cơ sở hạng II - V.07.04.31 | T6: 008179000026
A7: 5 | B7: 405 | C7: Lê Anh Tuấn | D7: LE ANH TUAN | E7: 1979 | F7: THCS | G7: THCS Đông Thái | H7: Tây Hồ | S7: Giáo viên trung học cơ sở hạng II - V.07.04.31 | T7: 001079024981
A8: 15 | B8: 415 | C8: Lê Thị Hải | D8: LE THI HAI | E8: 1977 | F8: THPT | G8: THPT Liên Hà | H8: Thư Lâm | S8: Giáo viên tiểu học hạng III – V.07.03.29 | T8: 001184039143
A9: 15 | B9: 415 | C9: Lê Thị Hải | D9: LE THI HAI | E9: 1977 | F9: THPT | G9: THPT Liên Hà | H9: Thư Lâm | S9: Giáo viên trung học phổ thông hạng III - V.07.05.15 | T9: 001177046284
A10: 19 | B10: 419 | C10: Nguyễn Thị Hồng Huệ | D10: NGUYEN THI HONG HUE | E10: 1980 | F10: TH | G10: TH Kim Nỗ | H10: Thiên Lộc | S10: Giáo viên tiểu học hạng III – V.07.03.29 | T10: 001180044201
A11: 7 | B11: 407 | C11: Nguyễn Thị Lan Anh | D11: NGUYEN THI LAN ANH | E11: 1978 | F11: THCS | G11: THCS Đông Hội | H11: Đông Anh | S11: Giáo viên trung học cơ sở hạng II - V.07.04.31 | T11: 001178021999
A12: 3 | B12: 403 | C12: Nguyễn Thị Hoà | D12: NGUYEN THI HOA | E12: 1994 | F12: THCS | G12: THCS Vân Hà | H12: Thư Lâm | S12: Giáo viên trung học cơ sở hạng II - V.07.04.31 | T12: 001194046711
A13: 17 | B13: 417 | C13: Phạm Quỳnh Liên | D13: PHAM QUYNH LIEN | E13: 1996 | F13: TH | G13: TH Võng La | H13: Thiên Lộc | S13: Giáo viên tiểu học hạng III – V.07.03.29 | T13: 001196039783
A14: 13 | B14: 413 | C14: Phạm Thị Cúc | D14: PHAM THI CUC | E14: 1989 | F14: THPT | G14: THPT Cổ Loa | H14: Đông Anh | S14: Giáo viên trung học phổ thông hạng III - V.07.05.15 | T14: 001189011826
A15: 2 | B15: 402 | C15: Phạm Thị Mai Phúc | D15: PHAM THI MAI PHUC | E15: 1976 | F15: THCS | G15: THCS Phù Linh | H15: Phù Linh
A16: 4 | B16: 404 | C16: Nguyễn Thị Huệ | D16: NGUYEN THI HUE | E16: 1979 | F16: THCS | G16: THCS Dục Tú | H16: Đông Anh
A17: 8 | B17: 408 | C17: Nguyễn Ngọc Quân | D17: NGUYEN NGOC QUAN | E17: 1974 | F17: THCS | G17: THCS Thụy Lâm | H17: Phúc Thịnh
A18: 10 | B18: 410 | C18: Lê Thị Hương | D18: LE THI HUONG | E18: 1976 | F18: THCS | G18: THCS Kim Chung | H18: Thiên Lộc
A19: 11 | B19: 411 | C19: Phạm Thị Chính | D19: PHAM THI CHINH | E19: 1975 | F19: THCS | G19: THCS Cổ Loa | H19: Đông Anh
A20: 14 | B20: 414 | C20: Chử Thị Thu Trang | D20: CHU THI THU TRANG | E20: 1978 | F20: THPT | G20: THPT Cổ Loa | H20: Đông Anh
A21: 18 | B21: 418 | C21: Dương Thị Thu Phương | D21: DUONG THI THU PHUONG | E21: 1993 | F21: TH | G21: TH Thị Trấn | H21: Thư Lâm
A22: 20 | B22: 420 | C22: Nguyễn Thị Minh Hiển | D22: NGUYEN THI MINH HIEN | E22: 1979 | F22: TH | G22: TH Võng La | H22: Thiên Lộc

Sheet Merge22
A1: Column1 | B1: Column2 | C1: Column3 | D1: Column4 | E1: Column5 | F1: Column6 | G1: Column7 | H1: Column8 | I1: Column9 | J1: Column10 | K1: Column11 | L1: Column12 | M1: Column13 | N1: Column14 | O1: Column15 | P1: Column16 | Q1: Column17 | R1: Column18 | S1: Append1.Mã ngạch viên chức | T1: Append1.Số CCCD | U1: Append1.Số Hộ chiếu
A2: 8 | B2: 428 | C2: Nguyễn Thị Thu Hương | D2: NGUYEN THI THU HUONG | E2: 1994 | F2: THCS | G2: THCS Dục Tú | H2: Đông Anh | S2: Giáo viên trung học cơ sở hạng III - V.07.04.32 | T2: 001194006005
A3: 9 | B3: 429 | C3: Nguyễn Thị Phương | D3: NGUYEN THI PHUONG | E3: 1976 | F3: THPT | G3: THPT Vân Nội | H3: Phúc Thịnh | S3: Giáo viên trung học phổ thông hạng III - V.07.05.15 | T3: 001176053581
A4: 20 | B4: 440 | C4: Nguyễn Thị Thịnh | D4: NGUYEN THI THINH | E4: 1980 | F4: TH | G4: TH Thạch Đà A | H4: Yên Lãng | S4: Giáo viên tiểu học hạng II – V.07.03.28 | T4: 001180020741
A5: 1 | B5: 421 | C5: Vũ Thị Kim Thanh | D5: VU THI KIM THANH | E5: 1978 | F5: TH | G5: TH Tô Thị Hiển | H5: Phúc Thịnh | S5: Giáo viên tiểu học hạng III – V.07.03.29 | T5: 001178013783
A6: 7 | B6: 427 | C6: Lương Thị Hồng Nhung | D6: LUONG THI HONG NHUNG | E6: 1996 | F6: THCS | G6: THCS Mai Lâm | H6: Đông Anh | S6: Giáo viên trung học cơ sở hạng III - V.07.04.32 | T6: 001196039158
A7: 4 | B7: 424 | C7: Đàm Thị Thu Điệp | D7: DAM THI THU DIEP | E7: 1977 | F7: TH | G7: TH Vĩnh Ngọc | H7: Vĩnh Thanh | S7: Giáo viên tiểu học hạng III - V07.03.08 | T7: 001177019255
A8: 3 | B8: 423 | C8: Nguyễn Thị Châm | D8: NGUYEN THI CHAM | E8: 1977 | F8: TH | G8: TH Thăng Long | H8: Thiên Lộc | S8: Giáo viên tiểu học hạng II – V.07.03.28 | T8: 001177030526
A9: 12 | B9: 432 | C9: Nguyễn Thị Hà | D9: NGUYEN THI HA | E9: 1982 | F9: TH | G9: TH Liên Mạc B | H9: Yên Lãng | S9: Giáo viên tiểu học hạng III – V.07.03.29 | T9: 001191025902
A10: 12 | B10: 432 | C10: Nguyễn Thị Hà | D10: NGUYEN THI HA | E10: 1982 | F10: TH | G10: TH Liên Mạc B | H10: Yên Lãng | S10: Giáo viên tiểu học hạng II – V.07.03.28 | T10: 001182042023
A11: 2 | B11: 422 | C11: Nguyễn Thị Hồng Kiểm | D11: NGUYEN THI HONG KIEM | E11: 1977 | F11: TH | G11: TH Cổ Loa | H11: Đông Anh
A12: 5 | B12: 425 | C12: Cao Thị Bằng | D12: CAO THI BANG | E12: 1976 | F12: TH | G12: TH Dục Tú | H12: Đông Anh
